,string,label,clause1,operator,clause2
0,_ >= ovuHeS_G,0,0,4,0
1,hNGb >= xVTTrpQP,0,0,4,0
2,_ > __tk,0,0,2,0
3,rmxzGBrg > QZL,0,0,2,0
4,zTrtCNGShM = H_xH,0,0,6,0
5,iLS_KzMT < vpuBIII,0,0,3,0
6,cB___fB >= sYgTRsaB,0,0,4,0
7,Z_ < uW,0,0,3,0
8,KFCUTk = f,0,0,6,0
9,_ADSD <= IFyy,0,0,5,0
10,T_BffL <= xOPfb,0,0,5,0
11,Gb >= _jwxIF_,0,0,4,0
12,d > tYU_SI_RZZ,0,0,2,0
13,ZTpYceH <= _b,0,0,5,0
14,T_IYUR = _IWWV,0,0,6,0
15,CJUn_Yf > l,0,0,2,0
16,G_ >= LKg_C_S,0,0,4,0
17,KKVYM <= W_FCX_t,0,0,5,0
18,An < d__o__DF,0,0,3,0
19,U_oEAOY = YpRSnWs__F,0,0,6,0
20,w_gaiN < h,0,0,3,0
21,YIbBd__I = IFVO,0,0,6,0
22,vAayU__cu > Vh,0,0,2,0
23,kExIz <= b,0,0,5,0
24,L_hxYxAWK < _iAw,0,0,3,0
25,INwHZ < _AlnD_OE_y,0,0,3,0
26,iJZJ_u <= yLiuyudBY,0,0,5,0
27,__Hsq < F,0,0,3,0
28,watA__omx > _VmQgrwM_K,0,0,2,0
29,k_DoazWej <= YrX,0,0,5,0
30,K >= ZZtGTYZvr,0,0,4,0
31,_e < _iU,0,0,3,0
32,_cdt_Nbfci >= qwLgS_F_lH,0,0,4,0
33,_kLBd < zKO,0,0,3,0
34,ef__d_PeH > z__QnNT_,0,0,2,0
35,XTwCj_Uc_ < HnNA_Ex,0,0,3,0
36,L_Jx >= __aT_Kv,0,0,4,0
37,rOK__MDt <= rLa,0,0,5,0
38,kD_IMsWd <= b_KWrmjL_,0,0,5,0
39,HnZBX_LS = Eu,0,0,6,0
40,x_xvuLBD_M < _,0,0,3,0
41,hSFQZIc >= G,0,0,4,0
42,nPR <= _Q,0,0,5,0
43,LqBw___Z > gpmQ_T,0,0,2,0
44,_v > _rO_l,0,0,2,0
45,_B >= qGtYOJ,0,0,4,0
46,PqQc >= _XBmcnAUw,0,0,4,0
47,eIa = lGi,0,0,6,0
48,yFiNLmm > rbr,0,0,2,0
49,XwD >= _ziplK,0,0,4,0
50,m_w_yTg_oC < zp_,0,0,3,0
51,LmSQ_x_RU >= tjEZPEZhc,0,0,4,0
52,CdJdz < _TC_Z_FZ_,0,0,3,0
53,HQSRq___Z >= _jIW_kyxkX,0,0,4,0
54,Dep__b_H = oW,0,0,6,0
55,bSppqZfR = lYWIyzLw,0,0,6,0
56,mb_FnHiu >= RaasCdkjB,0,0,4,0
57,PUYYbZdRPY <= h_tE,0,0,5,0
58,CCbVK = _iBV_f,0,0,6,0
59,DHqCcaL < JXn_mjWUq,0,0,3,0
60,uOt_kXa >= iiRYZQ,0,0,4,0
61,VxJ_Wy < nxTgoBE_ZB,0,0,3,0
62,ea_oqeo > _bOjR,0,0,2,0
63,aK = nEzEAnvTY_,0,0,6,0
64,jfn <= MMn,0,0,5,0
65,EkS <= it_PKt,0,0,5,0
66,URj_bLO > _mOVwxR,0,0,2,0
67,AZ_ActGtNz <= __j,0,0,5,0
68,uA >= eOx_xRHs,0,0,4,0
69,_mQ = K,0,0,6,0
70,H <= DwX_,0,0,5,0
71,p = id_N_NRf,0,0,6,0
72,_ALUiP < xkX,0,0,3,0
73,YGw_ <= FPGzv,0,0,5,0
74,n = SZs_cGuB,0,0,6,0
75,_ > zkxsu_Kt,0,0,2,0
76,ONnYDiJ <= wTe_Zunh,0,0,5,0
77,jAVYM_ > a_KO_,0,0,2,0
78,YArPdJt_B < UlEG,0,0,3,0
79,CjXMZWIK_ > XLBLe_D,0,0,2,0
80,sO_Z___ >= SkU__,0,0,4,0
81,T = U_XiI_HRc,0,0,6,0
82,__l_qLkX >= PDppbNzXuf,0,0,4,0
83,Ro_FcUz >= IEn_S_VK,0,0,4,0
84,fgcfj_ = hcCxABjcgj,0,0,6,0
85,rbd < vFJC_Sj,0,0,3,0
86,rt_TG > rmy,0,0,2,0
87,w < w_l,0,0,3,0
88,_W__ <= m,0,0,5,0
89,Gnee__FDXb > heSNy,0,0,2,0
90,fgYia > Tp,0,0,2,0
91,ztVaD = iDOY__nIuH,0,0,6,0
92,bTnP_M_vst <= odmy_fSMq_,0,0,5,0
93,LMyv >= dq,0,0,4,0
94,yXiuO = __Sym_g,0,0,6,0
95,o < XbkTTGA,0,0,3,0
96,NIpj < k_NCbTj_uI,0,0,3,0
97,yN_P > _mFCvL,0,0,2,0
98,iTV_ < ZcobD,0,0,3,0
99,jF < OH__,0,0,3,0
100,pxJ <= azpZKOA,0,0,5,0
101,__cXD <= _FE,0,0,5,0
102,_LOzQNWwtg = EH,0,0,6,0
103,L__y_ZbiU <= B_gl_wqoO,0,0,5,0
104,_yJb_xBr < Amwt,0,0,3,0
105,__tj <= xao_jrOl,0,0,5,0
106,M_vpG = bWr,0,0,6,0
107,To_n_zy = FRCQrUs,0,0,6,0
108,_gly = sLly_g,0,0,6,0
109,Ra >= XMN,0,0,4,0
110,O <= MPmY_Lwhr,0,0,5,0
111,q_c = w,0,0,6,0
112,vgiIxSveO < U__WRrL,0,0,3,0
113,rmRxeA >= YQmxX,0,0,4,0
114,zpkIADA > v,0,0,2,0
115,p > K_kkcYM,0,0,2,0
116,z >= zO_r_w,0,0,4,0
117,F <= ZToArHc_rB,0,0,5,0
118,RkYISN >= Op,0,0,4,0
119,_xqf_ > B,0,0,2,0
120,dmQw__nQ <= N_rb__,0,0,5,0
121,A__yk_k >= MUQxfN__,0,0,4,0
122,C > jhqCGinq,0,0,2,0
123,kJ >= E,0,0,4,0
124,g = MH_rp,0,0,6,0
125,_ = KYQVJxwocR,0,0,6,0
126,PVvN > gSYB_,0,0,2,0
127,wywYO_ = g_sK_cM,0,0,6,0
128,pkAfSp = _xdDNTi,0,0,6,0
129,TXYbFnEmw <= Y_TVz_ng,0,0,5,0
130,ntlO_Grye <= LP_E,0,0,5,0
131,QLE_o_ < Y,0,0,3,0
132,g_Y_aZy_Ig > Dii,0,0,2,0
133,b_kq_kJBLQ <= _PScEVL__Z,0,0,5,0
134,T <= _vDjc_,0,0,5,0
135,E__PmnJ__i < qiMdxby,0,0,3,0
136,yy__ >= g_lg_,0,0,4,0
137,q_ = PBL,0,0,6,0
138,mfJC <= __Z_cD,0,0,5,0
139,yDQmM > df,0,0,2,0
140,ujleeQtnn > FmgTrS_,0,0,2,0
141,KggJVC <= wfs,0,0,5,0
142,A_FU <= _fvX,0,0,5,0
143,mUldeGmLI <= dkjVLCb,0,0,5,0
144,OiC_ > GgQTn__i_,0,0,2,0
145,uDEnUP <= pES_W___w,0,0,5,0
146,XbBC <= DwzzZqqq,0,0,5,0
147,JXaDO_dhA > KHJ,0,0,2,0
148,WLF_a <= Itk,0,0,5,0
149,E < DCJ,0,0,3,0
150,_ >= m__lfcI,0,0,4,0
151,_mLQ_viR <= IJ_oBIyE,0,0,5,0
152,jTAh_ahOOM = pBxq,0,0,6,0
153,pv > rGGEezEx,0,0,2,0
154,HTwrb_OuFA <= yojL,0,0,5,0
155,G_b_ >= kQ_FI_,0,0,4,0
156,W_ > ycpaM__IeK,0,0,2,0
157,f >= OtwFgUq,0,0,4,0
158,w_PAY >= HA_iAyZUxa,0,0,4,0
159,o_l < MqTjI_C_s,0,0,3,0
160,Iz_pud >= OpUoIUG,0,0,4,0
161,z < o__i,0,0,3,0
162,hEZX >= NLGt,0,0,4,0
163,LGbTUYu > F_,0,0,2,0
164,mk = CH_SMSD__U,0,0,6,0
165,syoh_iku_h < HLXhaNVNe,0,0,3,0
166,DIQWeAHVXm <= _,0,0,5,0
167,NRZZ < kT_xo_po,0,0,3,0
168,VcLYABg >= Z,0,0,4,0
169,_Qdz > rskiiDobS,0,0,2,0
170,xeLIRQoSU < S,0,0,3,0
171,ENKbuxv <= _kV___LD,0,0,5,0
172,of <= KwrCtIOXg,0,0,5,0
173,Q = qTHRl,0,0,6,0
174,EnyB_Yb >= Y,0,0,4,0
175,pHui_Pex = Fl,0,0,6,0
176,_YZi_vbZ >= Ik_qX,0,0,4,0
177,EWotDnR >= s_,0,0,4,0
178,Uiy > _,0,0,2,0
179,CPodmtaHo = XmQ_g___,0,0,6,0
180,r_D_Muo < QGv,0,0,3,0
181,L >= l,0,0,4,0
182,_MzsF_GTU_ > iRA_sSahCz,0,0,2,0
183,Da_r < s,0,0,3,0
184,_Zk < Lhdxi,0,0,3,0
185,_aUrv < PPC_fcMeNH,0,0,3,0
186,iYOQ__ < xSoUNL,0,0,3,0
187,rBNWUiRE < cL_arC_KF,0,0,3,0
188,_EO_H_X = LAxhnwvQw,0,0,6,0
189,pd_Vqwa_ >= __lNkUs,0,0,4,0
190,t_zFMBd > _sUJZnv_ep,0,0,2,0
191,WT < _plsL_kp,0,0,3,0
192,yV_vt_ubRo < _,0,0,3,0
193,A > tirQX,0,0,2,0
194,_JTrV_J > kpN_uO,0,0,2,0
195,ArYkEdnwA >= k,0,0,4,0
196,uW >= mCNT_,0,0,4,0
197,XObILqeKd <= sbvc,0,0,5,0
198,C >= TmV_cr_COm,0,0,4,0
199,E = _,0,0,6,0
200,ITJk = qbV_HKegr,0,0,6,0
201,HBnx > qSbq,0,0,2,0
202,ZOPz_ad_p = k__,0,0,6,0
203,__jhcl_x_ < zu__EldK_,0,0,3,0
204,z_YwM_I <= h,0,0,5,0
205,ULT_Pq >= sTcG_WRHSj,0,0,4,0
206,c_fJg_ < pYdWL_ey,0,0,3,0
207,ePbxst <= __OMnBMV,0,0,5,0
208,_J <= qrMEZBv,0,0,5,0
209,gaBqsgIhp < ihC,0,0,3,0
210,_j_TDX <= U,0,0,5,0
211,tCpVX <= I_BB,0,0,5,0
212,gS_FrJNW >= bUg,0,0,4,0
213,LYY = c,0,0,6,0
214,SlUdSXc > _Le,0,0,2,0
215,G__Ya_oX < _,0,0,3,0
216,ZX_Jld = fPpD,0,0,6,0
217,A_wyOA_GM < H__cjyaV_I,0,0,3,0
218,vFGgxx >= BnuPlX,0,0,4,0
219,vbChtJ >= ZNNnPBWa_,0,0,4,0
220,QXd_ >= fn__UZcmc_,0,0,4,0
221,l_re <= _YxGZBunL,0,0,5,0
222,pXKVwd_B = Bd_DR,0,0,6,0
223,ts_Dsx_YG_ = qWLGnZP,0,0,6,0
224,RpJ <= CXq_,0,0,5,0
225,vlK_ <= svylUwITa,0,0,5,0
226,_kGG >= NFlEg__soW,0,0,4,0
227,LxTEK = _NkIrV,0,0,6,0
228,kau_ >= uhA,0,0,4,0
229,_CTa_Pr_ <= _GBS,0,0,5,0
230,_on < aipGV_p,0,0,3,0
231,rDYM_C_ = __,0,0,6,0
232,_Yh_ < rm,0,0,3,0
233,wKZ_ <= PWnjTf,0,0,5,0
234,iqV >= oqYfPN,0,0,4,0
235,W__ > sqE_MFUp_S,0,0,2,0
236,_d >= FEOB,0,0,4,0
237,MdfB_PU < XSsJ,0,0,3,0
238,faivQWIN_ >= _LJhBk,0,0,4,0
239,hp_pAShjC >= _,0,0,4,0
240,tR = wajzCO_Dta,0,0,6,0
241,aOQz_G_l <= Pbg,0,0,5,0
242,DskiKN_p_Q = _T_F,0,0,6,0
243,_cxGxEhY_ = t,0,0,6,0
244,jJye_yAox > _,0,0,2,0
245,_dh_GnV = N_Kzn_EL,0,0,6,0
246,W_g < Bkd,0,0,3,0
247,mrCrGZl = jnllH,0,0,6,0
248,vjJMP >= b_Ab_gEm,0,0,4,0
249,O < qdf_m_v,0,0,3,0
250,DfnYS_dU < nqzK_C,0,0,3,0
251,b_QY >= N_z_Qtu,0,0,4,0
252,b_CyGaS_tb = _vD,0,0,6,0
253,mc < m,0,0,3,0
254,_ <= m,0,0,5,0
255,HR <= jobD_ze_w,0,0,5,0
256,_m <= _g,0,0,5,0
257,xYQjmU_o_ < ARB_vS,0,0,3,0
258,TV <= ULUcVj,0,0,5,0
259,PoosaTEJ < gSo,0,0,3,0
260,mDVAsgvOSO <= KZ_whgTs,0,0,5,0
261,dqJG_aKvf >= D,0,0,4,0
262,_h__yUkc_T > hrFMU,0,0,2,0
263,jcldqnG__ < g_OCoBPl,0,0,3,0
264,__TiV_vPA < hV_N,0,0,3,0
265,JHqLF_vOE <= SFCG,0,0,5,0
266,kEHUHaV > U__gag_,0,0,2,0
267,q_NPiayPB < oDjDNd,0,0,3,0
268,_XEip >= H,0,0,4,0
269,aCi_BW > ots,0,0,2,0
270,T_i_mhD_Tu = VOBK_b,0,0,6,0
271,SG_wQe < Krbt_uOaH_,0,0,3,0
272,AP < _znFP,0,0,3,0
273,hYMStkMx >= BNW_TC,0,0,4,0
274,_jrUsYqHa < iT,0,0,3,0
275,_z >= B,0,0,4,0
276,csnS = MejUdHAHLT,0,0,6,0
277,fm_BAIQdEu < _,0,0,3,0
278,l_ < Bc_bZhP_,0,0,3,0
279,xNRngw >= akQDNMol,0,0,4,0
280,L_sY = ifR,0,0,6,0
281,UA_rsocpur < PFZ,0,0,3,0
282,YH >= r,0,0,4,0
283,Ujsp < _,0,0,3,0
284,oYez < Sffbl_scr,0,0,3,0
285,_eV_ <= _,0,0,5,0
286,sx_aN_F_V > J_fRK__,0,0,2,0
287,V <= k,0,0,5,0
288,fjD > U_Vcf_D_D,0,0,2,0
289,cTYvG >= _o,0,0,4,0
290,Ef_S > J,0,0,2,0
291,EsN_z > DyJB_ITR,0,0,2,0
292,WQL >= yfDocfWks,0,0,4,0
293,VoGGVuM_E < ejo_Lt,0,0,3,0
294,YeYV_E_a > ICglInCK,0,0,2,0
295,_ <= qeOSrqzzMj,0,0,5,0
296,M_UWPAn = gUcIb,0,0,6,0
297,Jy__iuntxB = hjw,0,0,6,0
298,KoYGOfYK >= C,0,0,4,0
299,lAC_Wg <= y,0,0,5,0
300,mj > s_mRn,0,0,2,0
301,KF < T,0,0,3,0
302,COJ >= w,0,0,4,0
303,xYF_GSNF_v < oE,0,0,3,0
304,LATW = n__vL_fZ,0,0,6,0
305,_Wsi <= EErZ,0,0,5,0
306,mpT_ = qsDw,0,0,6,0
307,k_ > fi_,0,0,2,0
308,AKcHhq_K >= H,0,0,4,0
309,fTNc_hya >= IZzDBsP,0,0,4,0
310,gTdY_PkfkX >= YvF_jh,0,0,4,0
311,_UdStr = __Clh_,0,0,6,0
312,bRbYv___Eu <= SgAJ_X,0,0,5,0
313,j_E <= r,0,0,5,0
314,QgoDhRV < L,0,0,3,0
315,iEGxUU >= Qj,0,0,4,0
316,hmbs_ <= _Bz_,0,0,5,0
317,wtJymE__L_ <= iE,0,0,5,0
318,oP >= _KWRD_QxH,0,0,4,0
319,wNZ__hDiO = _qZ,0,0,6,0
320,_iyt > u,0,0,2,0
321,hirsm_ >= HK_m__,0,0,4,0
322,PLuPugmc <= _saM,0,0,5,0
323,FtAn_ = xg_sMq,0,0,6,0
324,Hnv_AP < A,0,0,3,0
325,mSn > lHNL_,0,0,2,0
326,_yv_QCTVW_ > ocNBDZje,0,0,2,0
327,_M_L_ui_ > W,0,0,2,0
328,qC = GLaek,0,0,6,0
329,wb_NL_K < _Nh,0,0,3,0
330,b_xMZ < KhvOIDWLpv,0,0,3,0
331,G <= LYpzvjxJp,0,0,5,0
332,KQWIR = vpYesLor_K,0,0,6,0
333,Vyv > _CTPV__LXR,0,0,2,0
334,_ecEKF_k_ <= b,0,0,5,0
335,NlK >= Q,0,0,4,0
336,_ <= nk_M,0,0,5,0
337,npeK = ithQDNBP,0,0,6,0
338,n_DAKk_nou > b_Kjy,0,0,2,0
339,FwBW_ >= _,0,0,4,0
340,U = a,0,0,6,0
341,S_fxejClXP < DEo_o,0,0,3,0
342,_ <= IDf_eYp,0,0,5,0
343,Ei_oD__Ss < m_xaPV,0,0,3,0
344,sz <= dbVBvD_,0,0,5,0
345,t < AsW_caFxKp,0,0,3,0
346,oH >= oteoljG_,0,0,4,0
347,X >= AGjdYGO_M,0,0,4,0
348,NM = S_x_Dh,0,0,6,0
349,CSOccQ_ = DNgZAOP,0,0,6,0
350,agEq__bZ <= sujxfi,0,0,5,0
351,_VnBr_ > mOGRvIrmhv,0,0,2,0
352,uNHPR_ <= _fZDh,0,0,5,0
353,LI <= FLf_GjA,0,0,5,0
354,TWTZL_vh < _JzlEJ_m,0,0,3,0
355,_ >= c,0,0,4,0
356,WSqR > Xa_Ryj_iU,0,0,2,0
357,ryCrjJ = Ts_Ld,0,0,6,0
358,ZU_X_XLp >= _dLmjD,0,0,4,0
359,IcXxx_w > _ImtNi_,0,0,2,0
360,uOj_FPrGJ > _mZJVwxF,0,0,2,0
361,U__vg > g,0,0,2,0
362,ljud > ufAIxZf_,0,0,2,0
363,F__QC >= _Kd__sizf,0,0,4,0
364,mCsW__BX_ <= lBX_Z,0,0,5,0
365,K__D >= GE_o,0,0,4,0
366,H < GbbUxpb,0,0,3,0
367,_lOvrALG = sF_,0,0,6,0
368,xMzQY = vr_LTpKhNb,0,0,6,0
369,cwOw = B,0,0,6,0
370,_qS = C_oQR,0,0,6,0
371,gZv >= hHejb,0,0,4,0
372,Y > AB_NKTOk,0,0,2,0
373,JcouDpsjd_ > _rthEAGk_,0,0,2,0
374,UlBdt_J = QYPd,0,0,6,0
375,nut___W >= vZdkHNWyr,0,0,4,0
376,q_SsoVYQL <= oJrHwWBWX,0,0,5,0
377,ZZ__ < iaUBEFvfb,0,0,3,0
378,m = XvFrK,0,0,6,0
379,EtI = Wwe,0,0,6,0
380,Fzi >= aUJe__,0,0,4,0
381,mVczP_l = lG,0,0,6,0
382,_Kca_ > E_YqN_Etow,0,0,2,0
383,DWrMevw_c >= _,0,0,4,0
384,__cPmzQs <= El,0,0,5,0
385,cj__DupMmF > XkJ,0,0,2,0
386,rylG > HgI_R,0,0,2,0
387,_ >= qjgPVZpDaa,0,0,4,0
388,Mw_BKfrsaV >= AdIwxB,0,0,4,0
389,aXBMRm = jj_dfG,0,0,6,0
390,JYP > kF,0,0,2,0
391,__Bi <= daHCHdrek,0,0,5,0
392,q_psjpmZBU = _g,0,0,6,0
393,m > oJlH_Hu,0,0,2,0
394,XxHPAIY_z <= __DdW,0,0,5,0
395,i >= lNDqW,0,0,4,0
396,xXur_b_ < Jyxw,0,0,3,0
397,_JLsdm = QG,0,0,6,0
398,A__lqTb > L_v,0,0,2,0
399,rUWXuMPFo_ >= _DQMx_fmnk,0,0,4,0
400,LKo >= kvaWl,0,0,4,0
401,w < e,0,0,3,0
402,ynd_NAMAJ > TzE,0,0,2,0
403,fw < aVx_z,0,0,3,0
404,IvS = _G_eSc,0,0,6,0
405,X_F_ = IeBU_Be_s,0,0,6,0
406,gtvMbFl_dI < YPCXRKk,0,0,3,0
407,_vAinDq_ >= NYKPiOMiit,0,0,4,0
408,mIC >= XF,0,0,4,0
409,y_WLS >= MWoa,0,0,4,0
410,eyTz >= KcW_J,0,0,4,0
411,j_ = bCuyb_Lys,0,0,6,0
412,_FAA <= g_zwaWc,0,0,5,0
413,gHF >= tvv,0,0,4,0
414,Yr_M >= AWhw_zHns,0,0,4,0
415,GwD >= kAxYnQw,0,0,4,0
416,_ikKvg < _,0,0,3,0
417,b > _gS_niCrz,0,0,2,0
418,Citns_bz >= _jy_,0,0,4,0
419,r_y_QoZT < GL,0,0,3,0
420,_pr < lOdm_y_R,0,0,3,0
421,dUJ > Ec,0,0,2,0
422,YesOerX >= BK_o_,0,0,4,0
423,fETQ <= e_hTDHITB,0,0,5,0
424,__PH_FXWZ = mHGTZB_Nl,0,0,6,0
425,T__ZoF < _p_pJtV,0,0,3,0
426,mWB_TuzO >= ylvCTvo,0,0,4,0
427,_b_N_ >= Qu_OjSP,0,0,4,0
428,JMT_BcyZk >= zT_lCB,0,0,4,0
429,TMjAZ <= cd,0,0,5,0
430,NRLhM_C > Lmy_R,0,0,2,0
431,rFRAbS < W,0,0,3,0
432,TdKKH = pYDWGjCB,0,0,6,0
433,POPOHa = Jgf_E_vsR,0,0,6,0
434,QG <= LfHtku,0,0,5,0
435,fsn > NqdbO_FDO,0,0,2,0
436,qBC < xds_PwUv_,0,0,3,0
437,dHOlzSV >= VaWbWXW,0,0,4,0
438,huXoM_IvV <= yqoUYk_A,0,0,5,0
439,wJZUL <= LPeoBHPJwg,0,0,5,0
440,Q_B < _,0,0,3,0
441,cUB >= A,0,0,4,0
442,akdJpKQO__ < _z,0,0,3,0
443,Adr__FnU <= hrFmvMd,0,0,5,0
444,ejrTe < Cmd_Kj,0,0,3,0
445,c_Otslt_ = FD_,0,0,6,0
446,X_hJU >= sq,0,0,4,0
447,yZxpKT >= yXtFJJh,0,0,4,0
448,s_TNv_i_ <= GWtVHfu,0,0,5,0
449,ad = YglrPLb,0,0,6,0
450,Uy = _wo_b_,0,0,6,0
451,uBm >= NEyJBv_L,0,0,4,0
452,LndQCb_ >= HbHf_lYH,0,0,4,0
453,sCh = s,0,0,6,0
454,Zd = sj,0,0,6,0
455,Kn = UzUiofleAM,0,0,6,0
456,Tqd >= S_JGU_,0,0,4,0
457,wndXD <= YYYEjdOe,0,0,5,0
458,Da_Fl < aJ_,0,0,3,0
459,iqIHV = CQ_HH,0,0,6,0
460,_JKbZjdK > RRYrLQh,0,0,2,0
461,Z <= C,0,0,5,0
462,iawfXSvw >= _e_jwXMUM,0,0,4,0
463,tmIqtXlM = BcRDZx__,0,0,6,0
464,lXjLjmIY < BXnTzr,0,0,3,0
465,tHJeihVE >= _v,0,0,4,0
466,LGVl > iMA_u_,0,0,2,0
467,Jk > T,0,0,2,0
468,pr_a__pAez = Cr_EKGLU,0,0,6,0
469,iyE_DaYF = NT,0,0,6,0
470,bW__iCEq_ = VsRnk,0,0,6,0
471,hg_E < IaRDax,0,0,3,0
472,rUHWTjeOc = IGehOeYB,0,0,6,0
473,x_ySs = _FE_xx,0,0,6,0
474,c_CVpzwQXY >= sVqSHUIk,0,0,4,0
475,y_w_LfRpim > gxPv_Z,0,0,2,0
476,M_g__ <= mfH__P_s,0,0,5,0
477,_Gu >= TGOLdG,0,0,4,0
478,IREzfIs_Z < P__,0,0,3,0
479,_W_BVXA <= en_,0,0,5,0
480,B >= Ecr,0,0,4,0
481,hyoOjNlL < YbZuZ_hnw,0,0,3,0
482,gU__lswQJ >= xa,0,0,4,0
483,JdB_xX = o,0,0,6,0
484,x >= hiH,0,0,4,0
485,xMgu >= _N,0,0,4,0
486,Oi > ci_u,0,0,2,0
487,gT_DHG = Ir_Sio_gn_,0,0,6,0
488,W = i_xoV_qN,0,0,6,0
489,VA_dZo_ >= ZA,0,0,4,0
490,V >= PhWBr,0,0,4,0
491,cyfv_uVI = o_k,0,0,6,0
492,bU_GP > To_NJUT_Ol,0,0,2,0
493,_dzI_ah_Hg < AJNmqn_X,0,0,3,0
494,yuP >= W,0,0,4,0
495,G > PNUMkKN,0,0,2,0
496,zdPQxNY_H <= MOw,0,0,5,0
497,AGeD_ <= rTqD,0,0,5,0
498,az_J_tlLg >= Rc,0,0,4,0
499,K_KS > W,0,0,2,0
500,fxzr_HMk_ > rPVcZvM_,0,0,2,0
501,EQ_CUIRD = tFkbZMqfG,0,0,6,0
502,sQgdgDIk > RHDSdabga,0,0,2,0
503,Zr >= dD,0,0,4,0
504,vNomePzX_G > N,0,0,2,0
505,Mw = uaiwd,0,0,6,0
506,nl < qvb__dsg,0,0,3,0
507,rGSE_p_B < S,0,0,3,0
508,R <= XltvpQrXa_,0,0,5,0
509,_HtY < HWH_WzJkY,0,0,3,0
510,_MBQRJs_eO <= __or_AZY,0,0,5,0
511,YbS < V_SLNr_XU,0,0,3,0
512,BZ <= R_lbyI,0,0,5,0
513,__TxVXkSS < J_aiF,0,0,3,0
514,v = Kg_kEzS,0,0,6,0
515,RczhRM < ClJvdvmIW,0,0,3,0
516,PliR = NDjFmSr,0,0,6,0
517,VVu__Jlel > AxYg_xR,0,0,2,0
518,Yr < PX_Em,0,0,3,0
519,FVq_ >= _VF__lbf,0,0,4,0
520,_QQ_iGAA = _mhnyQjDJ,0,0,6,0
521,ZALuaHBeA <= B_VfJUnP,0,0,5,0
522,b > wTVjswPz,0,0,2,0
523,zLB_mPnM < _VzXPL,0,0,3,0
524,GPj_wj_ <= _X,0,0,5,0
525,WW_t >= h__W_Wbm_e,0,0,4,0
526,ZeWmhBeXyW <= oU_bEkoudb,0,0,5,0
527,NRTqvwIT >= mq_ghuUQp,0,0,4,0
528,Domx_WmN_Q <= n_bXX,0,0,5,0
529,WfmgH_jO >= R,0,0,4,0
530,cWZxQkqni_ = l_H,0,0,6,0
531,_ > E,0,0,2,0
532,__ > aG,0,0,2,0
533,ukYw_fe_ >= S_in,0,0,4,0
534,vV_ >= zWGErIW,0,0,4,0
535,OD >= qVZarccc,0,0,4,0
536,rbJ_b <= xaZQ,0,0,5,0
537,RQwri < Umn__FjIj,0,0,3,0
538,L_KUv_PO >= jNve,0,0,4,0
539,Z_M < _i,0,0,3,0
540,Bm__bFAak <= JlFbax_u,0,0,5,0
541,sll = U,0,0,6,0
542,M < _QCAd,0,0,3,0
543,fWVozOfH_X > _y_UH,0,0,2,0
544,mGwgol = u_t,0,0,6,0
545,zZMIB >= UXN,0,0,4,0
546,afuT >= IMr,0,0,4,0
547,Yv_M_NWw < f_EyXt,0,0,3,0
548,K_VYezE_ye < _,0,0,3,0
549,u_B_JCtNab < k,0,0,3,0
550,_bHSlCz < l,0,0,3,0
551,cvYW = _fM_,0,0,6,0
552,IXh <= E,0,0,5,0
553,wrCTr_jfn = GnTgFY_TG,0,0,6,0
554,mB >= zMUsYS_,0,0,4,0
555,QxsAGhf_R = _,0,0,6,0
556,_dPz_Wmm <= qrf__V,0,0,5,0
557,__MwEC > i_qp,0,0,2,0
558,HlhF__ <= b,0,0,5,0
559,fHfSpp = ajhW,0,0,6,0
560,bUhQD < UUuIBniVT,0,0,3,0
561,_CU_RjVVk >= kkdwbCre,0,0,4,0
562,__EqEgQoQ < LWkB,0,0,3,0
563,Oh >= ZEJ,0,0,4,0
564,ETS_WG__lf < ENzNHN,0,0,3,0
565,UGOohg < M,0,0,3,0
566,PDRZVBJgU_ = i_Y_,0,0,6,0
567,bWHDl > ghkx__,0,0,2,0
568,OxQMGCyMTB >= k___potx_,0,0,4,0
569,_O = TESCmy_,0,0,6,0
570,_pdkp_ > SektZ,0,0,2,0
571,_Pf >= yL,0,0,4,0
572,_sz_s < iMC,0,0,3,0
573,gzvjg_Ggb >= BOh,0,0,4,0
574,Qh < RNGKl,0,0,3,0
575,XsmNGuEGhq = Ox_,0,0,6,0
576,a_ > kCBzi_Csg,0,0,2,0
577,XF_up <= _q_Zws,0,0,5,0
578,ut_PbmgN < y_VlAvJ,0,0,3,0
579,__UbzNd = M,0,0,6,0
580,kAX > _rb_f__,0,0,2,0
581,upxdbAYFy = z_w_z_,0,0,6,0
582,xXBvu < SToTn_QNAi,0,0,3,0
583,bpny_zUooj < QegLuy_TW,0,0,3,0
584,u <= piaKtaADg,0,0,5,0
585,_yPcj_Xzg = iNuP_DVs,0,0,6,0
586,aN_wom_T_F <= _ttX_,0,0,5,0
587,EjOK = XwoVK,0,0,6,0
588,TdheC < Mw_A,0,0,3,0
589,U_yl_juD = PrKyWariY,0,0,6,0
590,_wxgzP = TYrOnUld,0,0,6,0
591,q >= _,0,0,4,0
592,ES_L >= av_YWmGEI,0,0,4,0
593,N_S_QxrA = jW_GT,0,0,6,0
594,C__ < _g_iC,0,0,3,0
595,WV_e >= vynB,0,0,4,0
596,B_M > RavkgsIi,0,0,2,0
597,RCwefFK >= lIB,0,0,4,0
598,___qtO_F = v,0,0,6,0
599,EtNjR >= _,0,0,4,0
600,_QCYtKL >= spnkkv,0,0,4,0
601,GbLhykX > WwNxpcm,0,0,2,0
602,_wx < a_c,0,0,3,0
603,_R > dxcwO,0,0,2,0
604,UtPIVE <= um_l__yWc,0,0,5,0
605,ZKHbTp >= f,0,0,4,0
606,SN_kS_Gb <= cMT,0,0,5,0
607,aNZ__hABwW < _u_qIAxsV,0,0,3,0
608,lOzrDkOai >= UoYZoLHI,0,0,4,0
609,R_sx > Z,0,0,2,0
610,CnR > musD,0,0,2,0
611,v__ns__ezH <= aYMbgQs_,0,0,5,0
612,qEFsI_ >= q_,0,0,4,0
613,Q >= xq_J,0,0,4,0
614,EA >= CfrQjy,0,0,4,0
615,AYN < PAV,0,0,3,0
616,hXS >= r,0,0,4,0
617,C > MfzW,0,0,2,0
618,DvD <= CX,0,0,5,0
619,jD_fVNmGnr > u,0,0,2,0
620,m_mZR > M,0,0,2,0
621,_gRxyOMH > HhTTV,0,0,2,0
622,BXejmb_bP > _T__U_f,0,0,2,0
623,XE_ < R_w_rezCBR,0,0,3,0
624,Gd > _pQ___A,0,0,2,0
625,RP_Yo_ > FS,0,0,2,0
626,j_zEbfQqvL >= cgcV_S,0,0,4,0
627,_Q >= __fTWr,0,0,4,0
628,GDMYLVDiqp > ikhIR_,0,0,2,0
629,ovjj_I < cRsel_c_Sv,0,0,3,0
630,_ < w_zho,0,0,3,0
631,uejQ_o > IqQj,0,0,2,0
632,cW <= _rVi,0,0,5,0
633,V <= s,0,0,5,0
634,_naU = _mzvOwc_,0,0,6,0
635,fjsxW_Doq_ = Xee_L_vLj,0,0,6,0
636,_Oeof < FPy__eR,0,0,3,0
637,_ytCknB <= vfvet_xdyC,0,0,5,0
638,GT_ > BeXnSR,0,0,2,0
639,p__SyT >= Wlf_xzi,0,0,4,0
640,GZVs <= _HWvuFiRbc,0,0,5,0
641,JF = c,0,0,6,0
642,oUJkneebM <= _JzhLJl_,0,0,5,0
643,AgLOV_ >= Y,0,0,4,0
644,mv <= EP_ZgBDWR,0,0,5,0
645,_O_Q_u_OzZ <= AD_L,0,0,5,0
646,Hs >= ikQ_,0,0,4,0
647,vLx < d_g,0,0,3,0
648,_ < Sd_wBNnStf,0,0,3,0
649,yiBdH > hGvvh,0,0,2,0
650,Xyk_CkW = LYZks,0,0,6,0
651,zTOi < _H_OMTCC,0,0,3,0
652,rfIiNUg_wu > YaKJV,0,0,2,0
653,IxlY = r,0,0,6,0
654,HKpo_U = TAt_qq,0,0,6,0
655,hU < m_vzpogb,0,0,3,0
656,_pATq <= z_gFqcLK,0,0,5,0
657,Ib__RgOsP > EjP,0,0,2,0
658,I_lH > Q,0,0,2,0
659,FX__Nfix <= _W_,0,0,5,0
660,__whapWD >= bY_,0,0,4,0
661,eu_fSZ_Z >= QQ_kpD,0,0,4,0
662,dO_z >= QEmsYp_,0,0,4,0
663,fwqxmyWdG <= L_TRj,0,0,5,0
664,ydhMe <= TknTaK_,0,0,5,0
665,Ym_k_ < nFYfW_T,0,0,3,0
666,a_PbWdeU > ou,0,0,2,0
667,B_YbQnU > _Umw,0,0,2,0
668,bg_Yc <= FrVVD,0,0,5,0
669,AwIl___ >= _Y_sJgPhR,0,0,4,0
670,Lg = WBv,0,0,6,0
671,nwk > GdMeellQP,0,0,2,0
672,LxfMii_g = kJiAI_h_,0,0,6,0
673,Pgp = _NUj_O,0,0,6,0
674,t_Vxim > cubY,0,0,2,0
675,K_cI_fK > wYxuAMt,0,0,2,0
676,z_EEZZbZmn > PCykc_JIY,0,0,2,0
677,L > LE,0,0,2,0
678,Wfn < _HaPieKl,0,0,3,0
679,DJ_rby_ = dT_OZEYm_D,0,0,6,0
680,c >= QP_rMl,0,0,4,0
681,Ys <= uc_zCIfho,0,0,5,0
682,A_YB_Jr <= Li,0,0,5,0
683,__ >= jh,0,0,4,0
684,_Xu_I <= pXtw,0,0,5,0
685,KmQB > Q_nir,0,0,2,0
686,__U_Oq_LR >= y,0,0,4,0
687,_FOb = _bEN_,0,0,6,0
688,MlIOy_uAE < o,0,0,3,0
689,O_OvbgYi < st,0,0,3,0
690,UTNCGw >= Cz,0,0,4,0
691,opW < VhcxLlCQR,0,0,3,0
692,h__ = s,0,0,6,0
693,U < Jo,0,0,3,0
694,_l >= SPPiq,0,0,4,0
695,nc < wYFvD,0,0,3,0
696,GjNtk = RYHv,0,0,6,0
697,bBsK_d >= yK,0,0,4,0
698,h_wroNhuxi = _dD,0,0,6,0
699,PaEM_Mz_ < X_,0,0,3,0
700,_hfhOuk_U > _ajqKTxE,0,0,2,0
701,sV_u = cM_gj,0,0,6,0
702,A > D,0,0,2,0
703,Of___j_E < X__ljD_T,0,0,3,0
704,MXKgQ = Od,0,0,6,0
705,xM >= _,0,0,4,0
706,E_XQ < __D_hl,0,0,3,0
707,_HKHdnDt < iwBRt_k,0,0,3,0
708,II >= ElvIt,0,0,4,0
709,a_ > G,0,0,2,0
710,yDoTnP_sY_ > e__zZCk__,0,0,2,0
711,NyR_W >= aq,0,0,4,0
712,_kK = _,0,0,6,0
713,R_rYY_c >= Fnw_D,0,0,4,0
714,Rf_m <= H,0,0,5,0
715,_BQksBL_W <= R_,0,0,5,0
716,Nzk_I_O = ZcByvPWd,0,0,6,0
717,ex_vKmgAE < dWonXxln_,0,0,3,0
718,yyehSM_rmv <= zc_Q,0,0,5,0
719,_R__ <= gJQ_JBK,0,0,5,0
720,D >= lelhX,0,0,4,0
721,iEPtE_cwok = Vtzx,0,0,6,0
722,jm_qCReD >= q_,0,0,4,0
723,Adb <= _Vs_,0,0,5,0
724,oOno_c < R,0,0,3,0
725,_P >= fKq_,0,0,4,0
726,u_vhE_ >= ow,0,0,4,0
727,ssYAW_d_jU < _mMEPh_,0,0,3,0
728,jl > UP_,0,0,2,0
729,_ = _IGFvhiOt,0,0,6,0
730,Fozg_uh >= _,0,0,4,0
731,pknVwE_Br >= ON_TN,0,0,4,0
732,d >= I,0,0,4,0
733,aJQAeAoIRc > X_IV_mK_H,0,0,2,0
734,_qT_CoD_uU > FC_K__,0,0,2,0
735,_fJ > wMTLA_Ee,0,0,2,0
736,qv_kvoED >= hihgP,0,0,4,0
737,DCH > wfg_IRS,0,0,2,0
738,mTlM_quj_u > nPOb,0,0,2,0
739,kI_fDWgeb < A_biRCdR,0,0,3,0
740,q_ >= rmXz,0,0,4,0
741,ogDhkA = dL_jHs_V,0,0,6,0
742,PSJ = jUky_jDZ,0,0,6,0
743,_etRhl > o,0,0,2,0
744,on_ <= WruawhzGSi,0,0,5,0
745,_nDC_a < LAAS,0,0,3,0
746,v_ = Rc_Gm,0,0,6,0
747,GHs_efbTI <= HK___,0,0,5,0
748,ytE = TjE_a,0,0,6,0
749,Ow > F,0,0,2,0
750,y < i_,0,0,3,0
751,kl_TNn_ <= lEFnJTP,0,0,5,0
752,Db >= YSZuT,0,0,4,0
753,_P_ < Rp,0,0,3,0
754,Ofal <= i,0,0,5,0
755,iOHfJy_tui > JzXObA__B,0,0,2,0
756,x_t_Le > __ny,0,0,2,0
757,P = bE,0,0,6,0
758,qB < FNWak_ih,0,0,3,0
759,X <= VK_e,0,0,5,0
760,XybK_NSb <= _d,0,0,5,0
761,_aZGLHPcv < fmRRm_eOus,0,0,3,0
762,Z < sHZ,0,0,3,0
763,oxjZQK <= DYWJHL,0,0,5,0
764,_DngvyS <= Drn__y_PZ,0,0,5,0
765,oMwlo <= e,0,0,5,0
766,n <= n_hpdJP,0,0,5,0
767,OhSx < ZcKfEW,0,0,3,0
768,sH <= __NYZH,0,0,5,0
769,N_q <= YO_XRRQ,0,0,5,0
770,VGOGK <= E,0,0,5,0
771,O_QVrNThl <= y,0,0,5,0
772,xbgOaWJ <= RzHP_,0,0,5,0
773,bt >= ckcdj,0,0,4,0
774,_aTiCr_Ec <= Tkmwuy,0,0,5,0
775,wPeFQb__ < oLSGPc_,0,0,3,0
776,Nte <= BqjyE,0,0,5,0
777,CI_L > y,0,0,2,0
778,BMx = FbfpS,0,0,6,0
779,b <= O,0,0,5,0
780,ZT <= b,0,0,5,0
781,XQXQMy_ <= DtLdI,0,0,5,0
782,WFXiYGAccC >= MgP_Z_,0,0,4,0
783,m = nmNiIqP,0,0,6,0
784,_vV_ <= g,0,0,5,0
785,udnAt_Zd < sQ,0,0,3,0
786,Oo_au >= zsl_De_pD_,0,0,4,0
787,ELmlT_mAQR = _P_,0,0,6,0
788,eYE_ > yFdY__,0,0,2,0
789,fbfStLKk >= f,0,0,4,0
790,UGiH >= XlpCWAPa_V,0,0,4,0
791,n_V = XkyOc,0,0,6,0
792,IOtpqJ__ >= vNGhH,0,0,4,0
793,__yUEurjJu <= gxlR_W,0,0,5,0
794,n = ElcPk_vkdI,0,0,6,0
795,Pkhq__ >= qX,0,0,4,0
796,Bz_aNo = HZx_rCU,0,0,6,0
797,dJmI_ >= _t_WbXwEKX,0,0,4,0
798,NASbwDy <= iQKZN,0,0,5,0
799,u < Pjl_,0,0,3,0
800,BPn !> uJzPYfkU_i,1,0,7,0
801,__g__r !< Tie,1,0,8,0
802,_CEBM != t,1,0,9,0
803,r_GNG !< rx,1,0,8,0
804,VPYs !> tyMNG_PD_,1,0,7,0
805,tMgPC_qXT !< rD,1,0,8,0
806,CAM != sjcri,1,0,9,0
807,Tl_TDX != JrqD,1,0,9,0
808,SF__yKoq_ !> _K,1,0,7,0
809,X_wvD_ != CILPeRNm,1,0,9,0
810,hYadMr !> toK_BwY_b,1,0,7,0
811,ZA__ybEWl_ !> s,1,0,7,0
812,_tZN_ !> w,1,0,7,0
813,Vwup != _TFxu__Bx,1,0,9,0
814,_Cgvc_ != XkfeGhHX_,1,0,9,0
815,X_uMydkff !> _Aub,1,0,7,0
816,um_H !< djJuz_ZG,1,0,8,0
817,kdyc_Q != aT_xO_,1,0,9,0
818,f_d_A !> __d,1,0,7,0
819,_A_yNJQg !> nshN,1,0,7,0
820,enWS !> KGyMhAlw,1,0,7,0
821,b !< pd__h,1,0,8,0
822,_jmCC__mpr != SVe_ZRm_a,1,0,9,0
823,md !> xjM_yaoJ,1,0,7,0
824,nIi__ !< oDlT_PMj,1,0,8,0
825,EfFlVRE != FPcq_ocfo,1,0,9,0
826,x_ik !< _d_a,1,0,8,0
827,k !< _ErUlo,1,0,8,0
828,CUATXxX_Sc !< y,1,0,8,0
829,AX !< _JZcLX_zX,1,0,8,0
830,Uny !> SQU_Up__,1,0,7,0
831,TEOgx !> OwOxj_fpXr,1,0,7,0
832,mNShsckc !< FT,1,0,8,0
833,nT !> ZH,1,0,7,0
834,_j_K !> _kJxbe,1,0,7,0
835,KxH !< vVmiXzuJD,1,0,8,0
836,V !< dsh,1,0,8,0
837,xSm_r != _,1,0,9,0
838,kYg_zg != i_LYPm_vK,1,0,9,0
839,mf != Zzsit_X,1,0,9,0
840,fKJKg_H !< _XuRCYgE,1,0,8,0
841,S_BKmZnku != bTnKkO_oq,1,0,9,0
842,cVBkfHxFjS != wm_T,1,0,9,0
843,bxHrV !> V_TOl_I,1,0,7,0
844,iN !> JX,1,0,7,0
845,___ !> rK_mUlWCe,1,0,7,0
846,EZ !< ezUm_N_,1,0,8,0
847,p_mbZ_ !> q_Bc_dlw,1,0,7,0
848,ee_VBzf_ != Hf,1,0,9,0
849,XZLkaJJS_ !> h__R,1,0,7,0
850,_K !> o,1,0,7,0
851,Mz != t,1,0,9,0
852,WMjzRdTl !< nR,1,0,8,0
853,Sn__Kg_ !> ArnuaBd_a,1,0,7,0
854,JGHqiA !< qDk_GcXc,1,0,8,0
855,T_ !< __DgH,1,0,8,0
856,Yl != _nxXn__Zad,1,0,9,0
857,ZrZolYXVM !> _g,1,0,7,0
858,HncntqkDR !> baeQGiXb,1,0,7,0
859,K_MgHZh !< _n,1,0,8,0
860,tjHBeuP_a !< LVW_QPAlzm,1,0,8,0
861,m !< K,1,0,8,0
862,r !< sD_faQ,1,0,8,0
863,F !> t,1,0,7,0
864,C_GGbV !> JCk,1,0,7,0
865,jgJ !< l,1,0,8,0
866,u !< d_I_,1,0,8,0
867,PA_ !< WcUjF,1,0,8,0
868,MOZA != MWQRNiy,1,0,9,0
869,uNyR !< khl_ga,1,0,8,0
870,s !< PT_P,1,0,8,0
871,_ != pS,1,0,9,0
872,Nd__ !> _XDFqVsvsm,1,0,7,0
873,oEznD != ku_WKBsb_J,1,0,9,0
874,_xo != B_Ja_,1,0,9,0
875,YqGePyc != h,1,0,9,0
876,gs != TCtjqF,1,0,9,0
877,M_NDcVm_ != _isZ_w,1,0,9,0
878,y_Jn_CD !< _dPypwtw,1,0,8,0
879,_oh !< fG_eySnmG,1,0,8,0
880,sauI != _KwK__bLj,1,0,9,0
881,G_PVtnjYB !> _aMAu_,1,0,7,0
882,enL_Bnigz != Eizi_QBL,1,0,9,0
883,s__ZUr != kjgwK,1,0,9,0
884,Nd_ir_k__ !> h,1,0,7,0
885,rr != d_M,1,0,9,0
886,qciZSJv !< X,1,0,8,0
887,guO_jo !> l,1,0,7,0
888,h !> KRbFneJ,1,0,7,0
889,jGKwa != XhKJRES,1,0,9,0
890,L__aKY_ !< tZzxLZSwF,1,0,8,0
891,_fno !< xc_p,1,0,8,0
892,LCLdcL_P !> n,1,0,7,0
893,_dOkEXyt != HhNvoK,1,0,9,0
894,q_g_e_Y_ != H,1,0,9,0
895,RQ_v != jse,1,0,9,0
896,RzN != lCOYemk_e,1,0,9,0
897,vxF_GomT !> _rGNXEyW_,1,0,7,0
898,EtMp_Sgv !< BXPw_,1,0,8,0
899,RtXLc_ != qVTR_xo,1,0,9,0
900,c_bPZ !> HM_,1,0,7,0
901,wBAtj_V !< __BUPunRH,1,0,8,0
902,DtG !> F_Hca_E,1,0,7,0
903,_ZG !< RqPua_bD,1,0,8,0
904,_ !> uxhZDNH,1,0,7,0
905,C !> cKf,1,0,7,0
906,sUNY != MVgfX_EA,1,0,9,0
907,BUm !> i,1,0,7,0
908,xTzqiB !> Q,1,0,7,0
909,__e_ywj !> aDs_e__I,1,0,7,0
910,__RV_H_ !< PuG,1,0,8,0
911,R_aHWXm !< JM,1,0,8,0
912,__EHV !> _k_,1,0,7,0
913,CohU != ZBgtbd,1,0,9,0
914,XnKhuCWp != J,1,0,9,0
915,RLi_ysqy_ != VNlD_,1,0,9,0
916,gR !> _Pikab,1,0,7,0
917,RqnS_ !> V,1,0,7,0
918,MW !< rR__kM_g_r,1,0,8,0
919,EXzxQ != N_Gz,1,0,9,0
920,WgeeWYQ_M_ !< CZa,1,0,8,0
921,f != W,1,0,9,0
922,xrjPW_l !< NeXpLg__J,1,0,8,0
923,eSf !> UG,1,0,7,0
924,OJTi_HamP !> OTSGJK,1,0,7,0
925,PUaDAwcUTc !> j,1,0,7,0
926,YFyWw !> N,1,0,7,0
927,mUwV_e_Q !< OFD,1,0,8,0
928,daH != fPvYoHDHDF,1,0,9,0
929,YFYMyyTwkX != JzA,1,0,9,0
930,FavJOM_Jfj !< _,1,0,8,0
931,jlN !< g,1,0,8,0
932,i !< _ErJKiWeZ,1,0,8,0
933,mb_oTA_K !> jTgI_k_i_,1,0,7,0
934,vI_ !> B__vby,1,0,7,0
935,k__ !> TvpBqoihuX,1,0,7,0
936,_NS !< LtfJnKf,1,0,8,0
937,frEahxc_x !< LEEFvspF,1,0,8,0
938,_Q !< DS_,1,0,8,0
939,Wxne !< hdCviSX,1,0,8,0
940,VzDT !> wDqL_b,1,0,7,0
941,zA_Pe !< lrOzT_CvR,1,0,8,0
942,x != yp_CIswB,1,0,9,0
943,pT_ET !> hawUCk,1,0,7,0
944,fjh__mei_ !> UI_Et_sHr,1,0,7,0
945,aNEhcj_ejS != _hk,1,0,9,0
946,C != YYP,1,0,9,0
947,_MIpEBC !> lBpNkB,1,0,7,0
948,OP_t !< lEVPGe__,1,0,8,0
949,GRBoL_ix !> jObQ,1,0,7,0
950,_Lt_N_ !< kU,1,0,8,0
951,WP !> sRyo__l,1,0,7,0
952,XZeI !< otc,1,0,8,0
953,qzbZ_V != v_svWLN,1,0,9,0
954,_ !< _C,1,0,8,0
955,_v_fNUZe_c !> d_Tc,1,0,7,0
956,OMhYM_VNN_ !> sQ_yFt_,1,0,7,0
957,p_qYzM_K !< MPR_,1,0,8,0
958,_wbpg !< t_bqzyI,1,0,8,0
959,pkn !< y_j_R,1,0,8,0
960,ORRNU != I_,1,0,9,0
961,uJLuwJukR !> iEjV_G,1,0,7,0
962,MbThvYSl != HhcRhn,1,0,9,0
963,_ELU != o,1,0,9,0
964,z_dafS_ !> mpfmEfyFQq,1,0,7,0
965,wa !< vsyt,1,0,8,0
966,m !> EZSc_XL,1,0,7,0
967,_B !> hSd_S,1,0,7,0
968,ZiSeAv__u !> Wq_G_aND,1,0,7,0
969,aROrjr !< nO,1,0,8,0
970,rLRKZYd != Z_oQUt,1,0,9,0
971,cjIuTT !> wigp_,1,0,7,0
972,co !< XjjRUh,1,0,8,0
973,rGe_wMc_sF !> kBkDi,1,0,7,0
974,_ != HpKIoyWO,1,0,9,0
975,D !> _JXic,1,0,7,0
976,njtBIWUi !< Jo,1,0,8,0
977,hLS != hsErDQwc,1,0,9,0
978,Y_oLi_qC !> QjuCHHefvz,1,0,7,0
979,Dp____SV_ !< JLOGKO_HuS,1,0,8,0
980,aH != C,1,0,9,0
981,pS_LKvO_MK !> IMZa_o,1,0,7,0
982,J__NxdIA !< _VEFOT,1,0,8,0
983,RTYEhm !> s__,1,0,7,0
984,g != OSNyamVkV,1,0,9,0
985,HjGW != A_I,1,0,9,0
986,wHwH_lwxR !< WxlF,1,0,8,0
987,KBhlbjzdIK != UE,1,0,9,0
988,Q_X_XnQdW !> sJ_,1,0,7,0
989,__f !< fTJof_Jqc,1,0,8,0
990,TSd_cbw !< yFjb_,1,0,8,0
991,k_h_ != hlxR,1,0,9,0
992,v_TNdbk !> z,1,0,7,0
993,O__LvrvBg !> rs_D_,1,0,7,0
994,_ != GguIdsPA,1,0,9,0
995,_W_s_Idxg !> sNG_J,1,0,7,0
996,A != pg,1,0,9,0
997,_z !< e__eO,1,0,8,0
998,QH !< QRzisSk,1,0,8,0
999,p_xZMpP_c !> WuYvb,1,0,7,0
1000,Q__vjAkdYY !> iV_J_WR,1,0,7,0
1001,q_TX !< D,1,0,8,0
1002,RVvDyw !> jfPb_yBB,1,0,7,0
1003,c___ !< mp_,1,0,8,0
1004,G_pubcSW !< _,1,0,8,0
1005,xS_hff !> aV_Hw,1,0,7,0
1006,A_ !< _,1,0,8,0
1007,jL !< Xkf_kZ_XI,1,0,8,0
1008,x_p != azMc_Lr_H,1,0,9,0
1009,S_hZiX_FRf != hPP_O_he,1,0,9,0
1010,gL !> _,1,0,7,0
1011,yIPAYo !> xv,1,0,7,0
1012,A !> sWCZhJNjm,1,0,7,0
1013,Z_o_ != xqDWigYX,1,0,9,0
1014,_g_B !> A_e_Wpvtfh,1,0,7,0
1015,u_Fvf !> OsCKP_RKaR,1,0,7,0
1016,jfz_N_ != rbrdP,1,0,9,0
1017,lexDDfGH !< xb_p,1,0,8,0
1018,OvnjEzE !> jdkXZh,1,0,7,0
1019,cxATz_b_ !> qUsfT,1,0,7,0
1020,n !> Fe_J_,1,0,7,0
1021,hRA != _OrT,1,0,9,0
1022,yrFH___H !< yMk,1,0,8,0
1023,_ !< LZQ_,1,0,8,0
1024,Kbz !> i,1,0,7,0
1025,yyT_JZz_J !< Lvqi_,1,0,8,0
1026,AbEPNcQWzP !> KvcD_,1,0,7,0
1027,L_H != vXJxSI___W,1,0,9,0
1028,QrRJemoj != a,1,0,9,0
1029,cozZbZ_ !> rZxwqFDQp,1,0,7,0
1030,pAqZXmH !< FS_NvKYIB_,1,0,8,0
1031,cJpu_Yow !< W_,1,0,8,0
1032,_ !< F_Mm_Ez_,1,0,8,0
1033,Obc !< RCfY,1,0,8,0
1034,hko != vg,1,0,9,0
1035,dusJXmVBWG !> B_,1,0,7,0
1036,O_otlOVfh !< ROITt_o___,1,0,8,0
1037,_OIqoKju !< v,1,0,8,0
1038,TMf !< _Z_J_KN,1,0,8,0
1039,hDWoHv !< FgG___A_,1,0,8,0
1040,r !< _oqV_ao,1,0,8,0
1041,fnKM !< i_K,1,0,8,0
1042,_ != H,1,0,9,0
1043,egqpdg_mx_ != wwGJdiqOk,1,0,9,0
1044,FMTXEYry_ !< nyLJ_Mq_y,1,0,8,0
1045,qxH_d_E !< fEj_oxmh,1,0,8,0
1046,JOuVN_kRlt !> P_rVMUBc,1,0,7,0
1047,eJ_ != ED_,1,0,9,0
1048,vTv_ !> R_,1,0,7,0
1049,cqX !< z,1,0,8,0
1050,Y_I_O !< b,1,0,8,0
1051,lTt !> _vmo_xYn,1,0,7,0
1052,p_ !> rLS_XjC,1,0,7,0
1053,xPx__kFvrF != kShMSt,1,0,9,0
1054,WbYEy !< NK_m,1,0,8,0
1055,in_E !< _,1,0,8,0
1056,_P_EK !> rXFEa,1,0,7,0
1057,po != YJUhMjee_n,1,0,9,0
1058,C__ !< I_cfI,1,0,8,0
1059,SGPab_WFBf !> _qAy,1,0,7,0
1060,UoML != wVGAC__T_H,1,0,9,0
1061,wKdoyMJo !> _UPNzKp,1,0,7,0
1062,_z !> PmW_rW,1,0,7,0
1063,vG_MkNZ !< eT_CX,1,0,8,0
1064,kDPE_rpn !> NuBKi,1,0,7,0
1065,JXrlbw !< j_f,1,0,8,0
1066,ow !< Y,1,0,8,0
1067,Fxx != uYq_Pz__,1,0,9,0
1068,pmn !< _NCSco_kI,1,0,8,0
1069,qJl__CJAQ !> GxOR,1,0,7,0
1070,lUd_ZW != C,1,0,9,0
1071,hb != WTxtwAnyWu,1,0,9,0
1072,__nTJ !> _u_nUbPb,1,0,7,0
1073,JaWdx_ !> vxUsRx_L,1,0,7,0
1074,hHQChKOh !> pG_tl_ZJ,1,0,7,0
1075,eqajN__p !> h_PrDiTLUb,1,0,7,0
1076,YfMO_w !< _ncYh,1,0,8,0
1077,dGYhvx !> __tNj_,1,0,7,0
1078,_Ddn_Id != hy,1,0,9,0
1079,Y !< W,1,0,8,0
1080,Y !> _hbnM,1,0,7,0
1081,vAX != a_PZSjaQD,1,0,9,0
1082,P_ != nWaskGFMu,1,0,9,0
1083,_EKbkfRMy != _sBAdsDnmf,1,0,9,0
1084,_R !> Wa,1,0,7,0
1085,tTxXGgIH__ !> SECPNlE_P,1,0,7,0
1086,e !< _Xg,1,0,8,0
1087,o_BOFqD_u !< IsJqo_q,1,0,8,0
1088,h_GrK__S !> Z_ND,1,0,7,0
1089,q !< yon,1,0,8,0
1090,IlYJR_HsJw != t,1,0,9,0
1091,Ss !< gIB,1,0,8,0
1092,jXg_in !> h_rQQh_,1,0,7,0
1093,GNgZ_zORK !< yj,1,0,8,0
1094,OOOmO !> y,1,0,7,0
1095,ZkAz_W_NC !> kIV,1,0,7,0
1096,TmeP_W__B !< iUJSzKZY,1,0,8,0
1097,d != fT,1,0,9,0
1098,N_F_ !< _k,1,0,8,0
1099,rdff__MvL !< BuJfCDKpIc,1,0,8,0
1100,BC_USxam !> oohbSn,1,0,7,0
1101,gRcPAf_T !> _Id,1,0,7,0
1102,Wndh_Uch !> or_cMUaB,1,0,7,0
1103,_bZPWjjU !< Pe_C_IJKGz,1,0,8,0
1104,hs != z,1,0,9,0
1105,_jOPOX != tCk,1,0,9,0
1106,H != OriO,1,0,9,0
1107,UOlZh_z !< TPinT,1,0,8,0
1108,_o_rmehZ != __Jeu_,1,0,9,0
1109,RmvO != PuRr,1,0,9,0
1110,Q !> nO_xIbN,1,0,7,0
1111,XYBB != _k,1,0,9,0
1112,Y_AW__ !< GZRA,1,0,8,0
1113,oJSB !> OmfF_EYNL,1,0,7,0
1114,Hxe !> _t_NEW_,1,0,7,0
1115,oIXmCqGZ !> N_P__stC,1,0,7,0
1116,Kjg !< kV,1,0,8,0
1117,ghvzB !< _GQlN,1,0,8,0
1118,Ka_MYZ !< CSmYCSKo,1,0,8,0
1119,OyECu_L !> iS,1,0,7,0
1120,wuIw_YHd_c !< _JgN_zGP,1,0,8,0
1121,S != _GuFAiz,1,0,9,0
1122,IJdR != pv,1,0,9,0
1123,___g != _g,1,0,9,0
1124,UB != P,1,0,9,0
1125,wE__ !> ZV,1,0,7,0
1126,_ !> _GN_,1,0,7,0
1127,_ != _bSvUs_r,1,0,9,0
1128,HGIXkz_s !< P_McK_H,1,0,8,0
1129,__TMCu_q !> eVgNYe_,1,0,7,0
1130,__fw_n !< t_e__,1,0,8,0
1131,pnkwRNGFZ !< wbD_jG_Or,1,0,8,0
1132,PAQkcd_vT !> TNE_wBjHX,1,0,7,0
1133,Pet_KQq_e != ZWPbGFT,1,0,9,0
1134,_InsV !< RmTGr_lb_W,1,0,8,0
1135,myc__Kh_pu !> eavQ_,1,0,7,0
1136,Ti_ !> vqONZP_Xn,1,0,7,0
1137,fBNB !< bo_czKTxPd,1,0,8,0
1138,IE_wLSA !> GOvg__X_,1,0,7,0
1139,jWqjTHR !< _Cr,1,0,8,0
1140,lSy != CbTkaejB_,1,0,9,0
1141,uyh_xHBDre !< C,1,0,8,0
1142,whm !< skP,1,0,8,0
1143,NOGO_qh_by !< wGkrA_RKY,1,0,8,0
1144,__X_QAyES !< gWlSS_,1,0,8,0
1145,_C !< _SR__v,1,0,8,0
1146,i___ujIS_ != kaUacHMKX,1,0,9,0
1147,shdp_HyB !> mP_dGrMUk_,1,0,7,0
1148,n_eaEoa !> A_YhuHybC_,1,0,7,0
1149,_XZOiW != fyFxY,1,0,9,0
1150,Ro_ != AThwa,1,0,9,0
1151,ihuNcnVE_ !< M_gQH,1,0,8,0
1152,gjEosoMuS !> dA_dCwp_lN,1,0,7,0
1153,z !< _QH,1,0,8,0
1154,tww !< Ooe,1,0,8,0
1155,_nOZKTb_ != GZof_l,1,0,9,0
1156,l_GOLYSyC != iJtmD,1,0,9,0
1157,JKP__ != p_W,1,0,9,0
1158,_xvfj_quz != _CFGg,1,0,9,0
1159,T !< lZY,1,0,8,0
1160,qbJks_ !< SIYId,1,0,8,0
1161,RB_iqqaH_ !> _oRx_Wb,1,0,7,0
1162,u !> __,1,0,7,0
1163,XrvvWNP !> OvTo,1,0,7,0
1164,w_J !< YjTIlSVN_,1,0,8,0
1165,u_wNy !< BByDVkKA_,1,0,8,0
1166,yz_gP !> H,1,0,7,0
1167,QWZzyxSTp !< B_szU__wcR,1,0,8,0
1168,bMLmz !> MZAjIgI,1,0,7,0
1169,YLT_Lk != Uy,1,0,9,0
1170,MgEA != SfmYNGBKy,1,0,9,0
1171,Wkf_TAAp != vtQkK,1,0,9,0
1172,_Mvs !< f,1,0,8,0
1173,a_zPn !> _Tkxa,1,0,7,0
1174,m_F_GER !> Ovi_rKyb,1,0,7,0
1175,_L_cL_cHO_ !> QXqki,1,0,7,0
1176,_ZziQYY_ != AgLllE,1,0,9,0
1177,A !> eG,1,0,7,0
1178,On_WYC_h_ !> __S_eK_F,1,0,7,0
1179,MBrcGMrYZ !< KR_Xoe,1,0,8,0
1180,Nri_h_nYZc != qb_,1,0,9,0
1181,L_ != kRcbO,1,0,9,0
1182,C_GtgkKnrj !> D_,1,0,7,0
1183,Pq !< XiLSNb_rj,1,0,8,0
1184,c__M_l != QXWM_FBEQV,1,0,9,0
1185,fom_VjURI !< BMn_jYR,1,0,8,0
1186,T_ !< l_Ur_U_,1,0,8,0
1187,SbLKdRT !> ybLpY,1,0,7,0
1188,wIpbx !< __vlXMUkb,1,0,8,0
1189,_ !< rGh_Ey,1,0,8,0
1190,utZEhf_C !> Dgr,1,0,7,0
1191,_k__iqq_nl != ZdB_W__,1,0,9,0
1192,ICLx != pczLlkl,1,0,9,0
1193,BgyjZcbUe !< AespHAwUL,1,0,8,0
1194,JkATXT !> Nd,1,0,7,0
1195,lsqRvMSUc !> ArEnli_,1,0,7,0
1196,tf_ZPZnxU !< iMBeg,1,0,8,0
1197,_JYYVwsyaw !< cm,1,0,8,0
1198,tx != t,1,0,9,0
1199,_EK_D !< UW___,1,0,8,0
1200,B !> i_gcAxwQ,1,0,7,0
1201,q != _fyM,1,0,9,0
1202,aY_jGVQ_ != vn_Ji,1,0,9,0
1203,G_ !> eVVBBUVU,1,0,7,0
1204,_aafgcS != c,1,0,9,0
1205,FWHN != bC,1,0,9,0
1206,pa !> EV_CTKi,1,0,7,0
1207,n_H_b__ !> SXs,1,0,7,0
1208,_mbPGA !< Tw_L_,1,0,8,0
1209,vM_B != pSXltl,1,0,9,0
1210,wEEWOkdnv != fNFxDC,1,0,9,0
1211,SZ !> He,1,0,7,0
1212,tlSd_est_ !< grqnHH,1,0,8,0
1213,__pjR_V_MG !> bXanyCDWwz,1,0,7,0
1214,_KE_G_Jue !> Z_ZrUulOay,1,0,7,0
1215,l !< YO,1,0,8,0
1216,JHr !> xDvZo,1,0,7,0
1217,_XMTbH != D,1,0,9,0
1218,s !> KNR__NYiMj,1,0,7,0
1219,mJHCiDuNLQ !< L_xMS,1,0,8,0
1220,Oser != pCSmW_w_ye,1,0,9,0
1221,_fm !> k_b_hDp,1,0,7,0
1222,_cVR_jU != l_UFKqwZf,1,0,9,0
1223,W_pwvdb_tL !< WgBx_Q__y,1,0,8,0
1224,LDcAi_ !< xxcYQMkIX,1,0,8,0
1225,FFZ_ !> IMqhHIVLI,1,0,7,0
1226,mMZmp_jx !> nixfG,1,0,7,0
1227,jZ !> _R___ye,1,0,7,0
1228,B !< _t,1,0,8,0
1229,oLsa !< __zGXgX,1,0,8,0
1230,_W !< QKHPYgYr,1,0,8,0
1231,oA_uxuQ !< _De_hkY_,1,0,8,0
1232,N_QRwdrl != _MfpoHk,1,0,9,0
1233,_y_j_Z !< fj_dU_rJo_,1,0,8,0
1234,nVsS !< oolBqU___,1,0,8,0
1235,OKf_ !> eTml_,1,0,7,0
1236,iSFOS_ !< E_UXgzkNC_,1,0,8,0
1237,_x__ndL_ != QV_DVAD,1,0,9,0
1238,r !> id,1,0,7,0
1239,HZ !> u,1,0,7,0
1240,FsMu__uIV_ !> gTQ_jcNV,1,0,7,0
1241,XcEyiG_S != jmig_mNFAf,1,0,9,0
1242,Fp !> iAIpTpDVA,1,0,7,0
1243,_vU !> G_FL_,1,0,7,0
1244,m_e !< _v_bhQVNy,1,0,8,0
1245,DhaecGoWGz != LD,1,0,9,0
1246,TlT__ !> jLAW_ek,1,0,7,0
1247,_RzwyF_ != c_,1,0,9,0
1248,dx !< A_ryVg__OT,1,0,8,0
1249,MO_QqS !< No_O,1,0,8,0
1250,xQ_U_xeos !< JL,1,0,8,0
1251,_dFjL !> fPD__PjT,1,0,7,0
1252,QB_qwFXs !> _Tev,1,0,7,0
1253,VJbOykf !> d__,1,0,7,0
1254,gShY !< __z,1,0,8,0
1255,Bp_r != iGj_HXC_O,1,0,9,0
1256,_S_ !> J__No_U,1,0,7,0
1257,_LRnPYpou !< _NLh,1,0,8,0
1258,n_q != Va_Svt_g,1,0,9,0
1259,HsAL_Fxslm != z_VE_KUufH,1,0,9,0
1260,___ryT_z !> ts,1,0,7,0
1261,o_fj_jCgh_ !< _qlqFhfl,1,0,8,0
1262,v !> rSwA_,1,0,7,0
1263,uooXGN !< x_XEterfR_,1,0,8,0
1264,T !< Po,1,0,8,0
1265,_spYH_T !< lA_,1,0,8,0
1266,WJUNUPVW !< iUMTqcM,1,0,8,0
1267,nFng_ != t,1,0,9,0
1268,H != Ttrqbvr,1,0,9,0
1269,Kth_p_DZ !< Vvl,1,0,8,0
1270,jHHgnNzEJ_ !< TQ_irI_,1,0,8,0
1271,jj_CL_Ih_ !< M_pze,1,0,8,0
1272,xlAp !< KKGB,1,0,8,0
1273,hhFy !> DdxTpitryN,1,0,7,0
1274,_f_vF_xEP !< y_fYjsZR_a,1,0,8,0
1275,kYQ !> Aqj_CZcynH,1,0,7,0
1276,r_qx_mVdo_ !< zhzR,1,0,8,0
1277,Jl != c,1,0,9,0
1278,wCCNDYbxrR != I,1,0,9,0
1279,jgwN_ !< N,1,0,8,0
1280,cZ_ !< vSPyQhyQ,1,0,8,0
1281,A != hig,1,0,9,0
1282,LTp_rZeMy !< bWLL_wMXYW,1,0,8,0
1283,Q_J != CyS,1,0,9,0
1284,_SgKXncnhw !> tc_,1,0,7,0
1285,CnrckShuT != FR_cxuI_,1,0,9,0
1286,_hrKKlO_To !< CCXfXzAJgS,1,0,8,0
1287,coHpo !< ZXaD,1,0,8,0
1288,zG !> _Gl,1,0,7,0
1289,r_hzt_mhMa !> cSK__V,1,0,7,0
1290,JQLjkl_Qq != k_U,1,0,9,0
1291,cgncE_heZd !< bsODGylcn,1,0,8,0
1292,OWkgQ != iHN,1,0,9,0
1293,zcXumuE_dx !> SgZDuP_W,1,0,7,0
1294,__B !> f_w,1,0,7,0
1295,UhwT != eNRkHo,1,0,9,0
1296,ogEHLcls !< ZHLER_f__,1,0,8,0
1297,y_bJNDe !< ItNrHkwIE,1,0,8,0
1298,WOxqI_mst !> E,1,0,7,0
1299,K_xs !> UHBAO_,1,0,7,0
1300,emen !< mYABMh_,1,0,8,0
1301,gfaY__Emdp != I_eC,1,0,9,0
1302,g !< v,1,0,8,0
1303,Iz_wo !< GoCuvBgE,1,0,8,0
1304,D_ !< D_GCu_,1,0,8,0
1305,igIVLCgpM !> _IRKXexsW,1,0,7,0
1306,OPi !> _hA,1,0,7,0
1307,IKW___ !< W__jqZanS,1,0,8,0
1308,CRkVcY !< h_I_fB_N,1,0,8,0
1309,HQOhjQ !> Zq_Bmfrf,1,0,7,0
1310,zyvX__ZiqC !> ugHXX,1,0,7,0
1311,SKl != f__HasQhY,1,0,9,0
1312,ji_c != e_BHOW,1,0,9,0
1313,ar !< _xMy,1,0,8,0
1314,bpNxhKN !< _dtl_ULnyN,1,0,8,0
1315,q_L_uMLgQ !> OsWNGYEgm,1,0,7,0
1316,s !< G_n_uGs,1,0,8,0
1317,RpgMDt_ !> OVAUIhY,1,0,7,0
1318,_ !< __X_,1,0,8,0
1319,QpdX !< RSu,1,0,8,0
1320,DYajye !< USNe,1,0,8,0
1321,J !< _S,1,0,8,0
1322,_L_NdMpuDH != PRBO_UHA,1,0,9,0
1323,R !< _M_,1,0,8,0
1324,aJfJXD_HHX !< It,1,0,8,0
1325,qu_Rcb !< FTP,1,0,8,0
1326,Tr_maMxf != _wlYAH,1,0,9,0
1327,jw !> Ca,1,0,7,0
1328,NC_oTGnRCY !< LIL,1,0,8,0
1329,if_ !> NaP,1,0,7,0
1330,xGGJZ_B_mm != w_s,1,0,9,0
1331,cHLh_ !> nkyLaGOMl,1,0,7,0
1332,_eRhAij_t !< B_mTDFM,1,0,8,0
1333,VHMKU != idwzucWzDH,1,0,9,0
1334,_WgYC != iOApsbV_,1,0,9,0
1335,Ei != _p_s,1,0,9,0
1336,su != Pjl_,1,0,9,0
1337,_ !< kJbTFYQ_Y,1,0,8,0
1338,P_NVjl_n_w !> cEZ_vxY,1,0,7,0
1339,qo_Nes_LaS !> Q,1,0,7,0
1340,C__MyBy != JivRIr,1,0,9,0
1341,Sxyqca_ != Q_L_,1,0,9,0
1342,_ !< ph_X,1,0,8,0
1343,__m !> KzV_b,1,0,7,0
1344,_UAt !> ja,1,0,7,0
1345,gtbl !> HVuO_,1,0,7,0
1346,PodGGwo_cr !> b,1,0,7,0
1347,KOsmLrH !> _fsDWCubw,1,0,7,0
1348,YJu_w !> YxTSYiVOw,1,0,7,0
1349,P_ !> RXXcbGGsDP,1,0,7,0
1350,I_EZddLC != o_IT,1,0,9,0
1351,sr !> Jd,1,0,7,0
1352,_Op != _bSRIvd,1,0,9,0
1353,w__ !> J__DTh,1,0,7,0
1354,_J_ !> jXO_Z,1,0,7,0
1355,McC_yiiY !> YkRQ_,1,0,7,0
1356,Owaj_OBPW != mqy__R,1,0,9,0
1357,uLaIZ !> nse,1,0,7,0
1358,F !> HLvQEd,1,0,7,0
1359,OpjlN_qntC !> Y,1,0,7,0
1360,gCLnu !> EKDjG_,1,0,7,0
1361,zayqi_R !< KXQk,1,0,8,0
1362,DQKNrog !> _sbhwt_x,1,0,7,0
1363,v_oPBLe != PDUh_Bp,1,0,9,0
1364,C !> mSXqkbEW,1,0,7,0
1365,eBjqFQuR__ != oqc_iDJALo,1,0,9,0
1366,eh_CK_X !< _,1,0,8,0
1367,MT !> s,1,0,7,0
1368,_LaSXDa_ !< eeHLZl,1,0,8,0
1369,E !> EH,1,0,7,0
1370,CMGXHh !> PO,1,0,7,0
1371,VSF_WDmRB !< ao,1,0,8,0
1372,_Iyw != JWGtVBLkv,1,0,9,0
1373,_DPXW !< _x_,1,0,8,0
1374,_iY !> A__ZyqHVT,1,0,7,0
1375,l_MwLRg_sR !< NFIlgCbjD_,1,0,8,0
1376,sbHxA !< ZxNp_I,1,0,8,0
1377,sWSli_ != EwaneJa,1,0,9,0
1378,_G_HM !< SAl_,1,0,8,0
1379,n_GEQi_ !< evOZ,1,0,8,0
1380,IR_ !> p_,1,0,7,0
1381,__Evpu_ !< HQK_lY_,1,0,8,0
1382,T !> UcmQPBflW_,1,0,7,0
1383,G_qn_G !> mjBFlc__QS,1,0,7,0
1384,V != O_teMfbt,1,0,9,0
1385,t_fwDOwn_J !< tR,1,0,8,0
1386,yev !< _pk,1,0,8,0
1387,MSU_l != m_VHd,1,0,9,0
1388,VHK_BfJdxI !< GWTSQqG,1,0,8,0
1389,l_ !> Cp_aklT,1,0,7,0
1390,qMP_sgiU_ != _iYGCAx,1,0,9,0
1391,f_fOY_h != F_,1,0,9,0
1392,_NDCqae_CS !< LDl,1,0,8,0
1393,UJUG_zT !> rFafOfKo,1,0,7,0
1394,xpIC !< _snfNm__b,1,0,8,0
1395,_uQqwoi !> _bWM,1,0,7,0
1396,ewvid_ != fgjSg_lZ,1,0,9,0
1397,cQ_O !< _,1,0,8,0
1398,hO_FVWXu != IFHzJ,1,0,9,0
1399,Lh !< OMN,1,0,8,0
1400,LflzAMTvD !> mOS,1,0,7,0
1401,d_I !> XHv__Ypo,1,0,7,0
1402,GZXMqHdKY !< p,1,0,8,0
1403,Oi !> OYzLKwwqu,1,0,7,0
1404,H !< Do_CLGgaR,1,0,8,0
1405,B_kZT != iSb,1,0,9,0
1406,a_g !> TAqRpP_jz,1,0,7,0
1407,F_yE_eJP !< uE__KYabJM,1,0,8,0
1408,_ !< cJ,1,0,8,0
1409,XvLG_mJa !> VKB,1,0,7,0
1410,_GShp_zzaz !> W_YrFQaWgO,1,0,7,0
1411,RtSzK != nH,1,0,9,0
1412,YhPi_n_lzb != r,1,0,9,0
1413,BtGf_Qe != __rBYrj,1,0,9,0
1414,YC__WqAoPQ !< ERYEQzMj_,1,0,8,0
1415,__ENGu != lI,1,0,9,0
1416,n_nk !> kuiYLYSg_j,1,0,7,0
1417,ts_ze_fq !< W,1,0,8,0
1418,S__JLCy != _sICe,1,0,9,0
1419,CkYd_MxN_ != Gb_OB__,1,0,9,0
1420,_ !< VVF_,1,0,8,0
1421,BmfpCz !> _,1,0,7,0
1422,okV !> g,1,0,7,0
1423,IqvU != bHl,1,0,9,0
1424,Waz_ !> HZvYfVIn,1,0,7,0
1425,JbpHXfOwvM !> y_NwE,1,0,7,0
1426,xnWwPaK_ !> i,1,0,7,0
1427,dsU !> NL,1,0,7,0
1428,HRGamzMPt !< JT_pQifyuz,1,0,8,0
1429,kn_XfX !< nf_,1,0,8,0
1430,Suuz_dd != _r_otYsK,1,0,9,0
1431,LV_ !> L,1,0,7,0
1432,cvyzwwpw != U,1,0,9,0
1433,YPo_dzF !> RGQzXXK_H,1,0,7,0
1434,htmGLyu !< e_,1,0,8,0
1435,_afO != IVlvB,1,0,9,0
1436,JCj !> K_VId,1,0,7,0
1437,jO !< Q_x,1,0,8,0
1438,_cZsF !< vAKXf,1,0,8,0
1439,d !> PgNA,1,0,7,0
1440,f_zh !< ErAwY_,1,0,8,0
1441,_mWj_ !< x_ZM,1,0,8,0
1442,SBPbt !< nj,1,0,8,0
1443,g_FZGQ != wf_lRg__,1,0,9,0
1444,W_DNzBn !> MfVTXfzEf,1,0,7,0
1445,W != lvZ_,1,0,9,0
1446,Q_Z != Jbui,1,0,9,0
1447,Q !< zR_n_shaK,1,0,8,0
1448,J_PoUR !> _vLvxgs,1,0,7,0
1449,g_LBpSkD !< gRxz,1,0,8,0
1450,_mA != _I_M_gkw,1,0,9,0
1451,jw_ != IiL_mma_e,1,0,9,0
1452,kekco_GXze !< _,1,0,8,0
1453,CHh_fOIUx !< __PcnZ,1,0,8,0
1454,WY_KQElNz != _M,1,0,9,0
1455,uBJWGE != Jk,1,0,9,0
1456,FX !> Pf_jY_zj,1,0,7,0
1457,j_IAmFo_z_ !> Le,1,0,7,0
1458,xzDlDwS_h !< mdH_i_s,1,0,8,0
1459,BcyJPyOm !> mj,1,0,7,0
1460,_nZg !> uZAnR_EP,1,0,7,0
1461,yFC_h_d !> tPL,1,0,7,0
1462,eNN_ != Ws_KQB,1,0,9,0
1463,TRU !> _XDBk_,1,0,7,0
1464,_E_eYAyX != oDtsYbfFF,1,0,9,0
1465,V !< _QpTXcR,1,0,8,0
1466,ry != vtU___X_u,1,0,9,0
1467,pSYHHvQQE !> ___tg,1,0,7,0
1468,JtjjxVA_Z != ZXg,1,0,9,0
1469,zDA_ZK !> IKAwVr,1,0,7,0
1470,_c !> QyzQEFS,1,0,7,0
1471,gXyq !< j_FNnqM,1,0,8,0
1472,NV !< xFLz,1,0,8,0
1473,MRhE_HcT__ != ot,1,0,9,0
1474,LCE != _,1,0,9,0
1475,_hEzlrycQ !> D__E_,1,0,7,0
1476,VY !> maFMAZ,1,0,7,0
1477,UN !< jZ,1,0,8,0
1478,Rsb_aBVZXM !> I_EoX_m,1,0,7,0
1479,B_a_PM !< O,1,0,8,0
1480,t_vzhBPk != ONUMN,1,0,9,0
1481,_ != c_opX_Kaw,1,0,9,0
1482,RzGt !< P_aZi,1,0,8,0
1483,YRAjp !> dIvyRh,1,0,7,0
1484,_tix !> Ewrsq,1,0,7,0
1485,tK_s !> GeIOWsCAD,1,0,7,0
1486,aCn !< _rb__cP,1,0,8,0
1487,KqapgW !> RboB_Xv,1,0,7,0
1488,pgM__AXu != ALmp,1,0,9,0
1489,_m !< MD,1,0,8,0
1490,ngPUvSCKw_ !< vYCAi_gD,1,0,8,0
1491,sQ_I_VT != qC,1,0,9,0
1492,_vCEaSy != R_ACM_o,1,0,9,0
1493,yUN_Z != RondO_,1,0,9,0
1494,O_FA_VDfw != YOPw,1,0,9,0
1495,aQXEuc != KA_nRj,1,0,9,0
1496,buzluD_g !< DfViBI_p_,1,0,8,0
1497,wsrvI !> SqwWP_,1,0,7,0
1498,Z_PDIbvfQN !> BMSAK_oUAT,1,0,7,0
1499,_JB != K_,1,0,9,0
1500,ADJqx != oeD_b,1,0,9,0
1501,uBgD != _DF,1,0,9,0
1502,k_ !< P,1,0,8,0
1503,gl != Y,1,0,9,0
1504,e_iwkB !> F_vEBf_,1,0,7,0
1505,MA !< I_OgoqZQ,1,0,8,0
1506,J_g_lgsTK != TUF,1,0,9,0
1507,sA !> Flckq,1,0,7,0
1508,_Ri !< VI_LR,1,0,8,0
1509,iTnLceaiyw != f_,1,0,9,0
1510,cy__Vb !< ahx__hHX,1,0,8,0
1511,Nvsf !< c_vQIRv,1,0,8,0
1512,nRxRG !> _J,1,0,7,0
1513,l != AZrHAPci,1,0,9,0
1514,MGCBAvzV !> Qs_,1,0,7,0
1515,uC !< YMBLhQc_,1,0,8,0
1516,__OoAho != T_,1,0,9,0
1517,LMPR_hZln != zTco_dVyL,1,0,9,0
1518,_WYCp_XT !< _n_Jb_d,1,0,8,0
1519,pw != _KPq,1,0,9,0
1520,wqpErQ_ !< LeVyCV_lt_,1,0,8,0
1521,__Y !< vzaIZu,1,0,8,0
1522,KRu != iZ,1,0,9,0
1523,VLAk_HyVo !> uOQZVgLe,1,0,7,0
1524,_g !< _vmyCUfAUy,1,0,8,0
1525,s_Ll_AgT != _RzaOQsW,1,0,9,0
1526,s_GosCfVx !< _Lhq,1,0,8,0
1527,lVslmE_Wx !> x_GENi_,1,0,7,0
1528,vXhjRm_f !> i,1,0,7,0
1529,rtLh__es != Hx__aCc,1,0,9,0
1530,_O_ !< Jj_,1,0,8,0
1531,_dz_HsCL != Eo,1,0,9,0
1532,tZV___ !< j_MBPu,1,0,8,0
1533,M !< QtWjE_Z,1,0,8,0
1534,TE_ !> j,1,0,7,0
1535,vBigIUB != ytAzH_AlX,1,0,9,0
1536,sbtES__d !< ciQ,1,0,8,0
1537,xghKyg !> k,1,0,7,0
1538,TgCG != MrBg,1,0,9,0
1539,_Fpeo_ !< HA,1,0,8,0
1540,qWXDVFNe !< MGbp,1,0,8,0
1541,Xzs_ != _WNC_Q,1,0,9,0
1542,r__I !> SWnsnH,1,0,7,0
1543,Vd_klgL_ !> Di__H_dT,1,0,7,0
1544,lkOUEfKbb !> ut,1,0,7,0
1545,WoR_ != R_wXZ,1,0,9,0
1546,C_SJDH !< qXND_B,1,0,8,0
1547,hNU !> ryAz,1,0,7,0
1548,_ !> lsle,1,0,7,0
1549,tFbh !< Z,1,0,8,0
1550,_zAG !> Bxmq,1,0,7,0
1551,xnoFx !< vE,1,0,8,0
1552,__ !< oTBLaG,1,0,8,0
1553,mW_Qz != o,1,0,9,0
1554,YPKF != __Xzpj,1,0,9,0
1555,ZZKXbxEk !> LwGNycbZ,1,0,7,0
1556,_V !< JjtZejbz_,1,0,8,0
1557,VF__k_LyaO !< JcHBqomR,1,0,8,0
1558,hzod != ZBbYsm,1,0,9,0
1559,_qa_f != tbYIKN_J,1,0,9,0
1560,_C_bA_ !> _thnO_g,1,0,7,0
1561,xMkTmSdGzw !< D_U,1,0,8,0
1562,C_Ze !< Opy,1,0,8,0
1563,_qCdS_z_ != jMk_H,1,0,9,0
1564,oFShD_ != xsBmU_z,1,0,9,0
1565,nCcJDd != pJTv_Lz_Q,1,0,9,0
1566,Hg !> C,1,0,7,0
1567,TU_mhH !< zZY,1,0,8,0
1568,HsA_ !> BA_E_l_QXc,1,0,7,0
1569,YhM_E__KIY !< B,1,0,8,0
1570,nSlsGxIfi !> kr,1,0,7,0
1571,aai !< bzb,1,0,8,0
1572,I_Siiyypd !< m,1,0,8,0
1573,Co !> _YEkEKy,1,0,7,0
1574,pL_PPd !< Q,1,0,8,0
1575,_zyfH_io !< oi_rCFEczq,1,0,8,0
1576,m !> ipZ,1,0,7,0
1577,btCXzY_ !< O,1,0,8,0
1578,xU !< a_bEa,1,0,8,0
1579,bUfAd_l !< H,1,0,8,0
1580,Xkk__Lk !< TpDXgSA,1,0,8,0
1581,R_DJqJBP !< fr,1,0,8,0
1582,gufJzv_ != wKoPL_zVTd,1,0,9,0
1583,gLsSJz_ihh !< V,1,0,8,0
1584,gRkj_N_ != rSKxkhp,1,0,9,0
1585,L_yKyMc !> _ria__IgE,1,0,7,0
1586,o_ !> zkplPUeTQ,1,0,7,0
1587,PvxOQyWW !< IeYaS,1,0,8,0
1588,hydcq !< X,1,0,8,0
1589,Sx !< pJk,1,0,8,0
1590,Hp_dNDeJnl !> Oo_nveX__P,1,0,7,0
1591,MQQ !< W_,1,0,8,0
1592,_Bhz_K !< mTc_LTDVFG,1,0,8,0
1593,_VpX_WdMF != A,1,0,9,0
1594,N != yg,1,0,9,0
1595,T_ != veYxc,1,0,9,0
1596,q != hGO,1,0,9,0
1597,HYb !< oR_euT,1,0,8,0
1598,w !> DFGcpm,1,0,7,0
1599,hVN_fyHqF != WiUJLxIys,1,0,9,0
1600,S@435 != ZSx_wtLIth@908,2,1,9,1
1601,_FD__sf@61 !< _CuHu@127,2,1,8,1
1602,_yph@937 !< _R_BMzAIFc@517,2,1,8,1
1603,_m_l@475 !> OxV_IG_UQ@614,2,1,7,1
1604,v_wjmKs@700 != Bs@51,2,1,9,1
1605,uNWM_@321 !> oqO@442,2,1,7,1
1606,M_Igd@505 !< Gt@378,2,1,8,1
1607,FDBVOyevbJ@106 !< _Dam@864,2,1,8,1
1608,PJSgGNu_@94 !< fnEJ@2,2,1,8,1
1609,GQYsVLQr@627 < PRcEPC_E_@22,2,1,3,1
1610,_xdLXLjsg@479 < gaQzMoAOC@765,2,1,3,1
1611,wLOsPEm@119 >= EDzesVkJN@282,2,1,4,1
1612,sGQZXRdfIl@255 > ___NUKn_dq@500,2,1,2,1
1613,eZ_@449 != _mINwRLK@172,2,1,9,1
1614,scET_h@392 <= S_@1,2,1,5,1
1615,Ed_K_@854 < r_SZJRn@714,2,1,3,1
1616,D@256 = eIvW_B@100,2,1,6,1
1617,d_hVO__QRJ@482 !< DgX_bj@143,2,1,8,1
1618,CnOwc@743 !< _@861,2,1,8,1
1619,_hx@964 !< upVp@119,2,1,8,1
1620,Ft@586 !< _K__Iv_k@98,2,1,8,1
1621,Pc@732 < c_AMzNEXk@539,2,1,3,1
1622,_iAyXLp@39 != p_xJ__q@439,2,1,9,1
1623,iH_@884 <= fXOWt__MT@157,2,1,5,1
1624,aFzHLN_Du@445 != P__Q__G@468,2,1,9,1
1625,ZjKM@99 < __L@962,2,1,3,1
1626,fJGgcUWE@361 !> eYLYSe@458,2,1,7,1
1627,E@489 != Al_vY@107,2,1,9,1
1628,_@95 != WZsX@218,2,1,9,1
1629,bjLG@857 !< e_ePr@65,2,1,8,1
1630,X_@199 < aITrrwg@319,2,1,3,1
1631,_@317 !> WdS_d_Z@860,2,1,7,1
1632,MBisqrhV@784 < __@65,2,1,3,1
1633,zUJg@562 >= AyNOh_oC@176,2,1,4,1
1634,CciYaI_P@527 !< __@388,2,1,8,1
1635,jaQUh@578 != _kuQart@356,2,1,9,1
1636,R_kJZ@747 != K@748,2,1,9,1
1637,_q_lI@769 !< LIoN@373,2,1,8,1
1638,NhgguhtIiQ@261 != E@9,2,1,9,1
1639,AtIPDe@363 !< EdSm_@870,2,1,8,1
1640,DX_@466 <= _@201,2,1,5,1
1641,GqrcYP@237 <= qvI_eJHRwZ@67,2,1,5,1
1642,Gro@901 <= lKfj@30,2,1,5,1
1643,KYKwhlnlYl@535 < mxM_WbM@36,2,1,3,1
1644,_Ekf_F_KZ@942 >= bIj_x@246,2,1,4,1
1645,wcBrnK@346 !< W_M__e_@239,2,1,8,1
1646,fTS_zDeZI@448 != _VKk@546,2,1,9,1
1647,RnS_mb_M_@750 != n_NkiG@226,2,1,9,1
1648,tie@224 <= Lm@490,2,1,5,1
1649,Kcx@622 !< h_uv@125,2,1,8,1
1650,KgpGvlC@791 < kIyUlh@522,2,1,3,1
1651,NNS_n@705 !> _adon@837,2,1,7,1
1652,__@295 = oub@543,2,1,6,1
1653,CXg@551 >= OY@256,2,1,4,1
1654,_RWOL@365 !< __pj@151,2,1,8,1
1655,ntyN@528 !< woDIhld_b@645,2,1,8,1
1656,d__YQdy@810 !> _ZS__T__mR@590,2,1,7,1
1657,xqERUTq@20 != FWNh_d_@96,2,1,9,1
1658,rLv__@64 <= Iz@309,2,1,5,1
1659,A@181 !> n@405,2,1,7,1
1660,g@716 >= zG__sL@105,2,1,4,1
1661,_KE@639 <= Dz@189,2,1,5,1
1662,oDZFcQuz_@842 > t@286,2,1,2,1
1663,aAy_Nuo@978 !< LUdvcciv@843,2,1,8,1
1664,_odKcX_@697 >= K@315,2,1,4,1
1665,PCEyS@943 !< __pPcTO@73,2,1,8,1
1666,bNaIbDuSeB@927 >= SewHkD@999,2,1,4,1
1667,My@315 !> uXdb@483,2,1,7,1
1668,ZeyJYexWSo@392 !< ULC_Ep_Dd@494,2,1,8,1
1669,EsqaQ_h_Z@819 >= rLiPkSh@945,2,1,4,1
1670,el@733 < jYfXsTlm@815,2,1,3,1
1671,_osES@281 != D_ge__@651,2,1,9,1
1672,o_Rz@630 <= JB@230,2,1,5,1
1673,faE@852 < P@954,2,1,3,1
1674,nTc_@597 !< LPq__@880,2,1,8,1
1675,q@325 !> MneQcevMc@552,2,1,7,1
1676,C_KikRTG_o@373 != _@396,2,1,9,1
1677,j_OTD@68 < x_OvbyBeLg@273,2,1,3,1
1678,gIqH@399 != npWe@938,2,1,9,1
1679,PzZ@966 <= MsKMoJcZJ@689,2,1,5,1
1680,v@15 <= deSunIuH_@201,2,1,5,1
1681,vCWsyu_RkO@340 < kva@858,2,1,3,1
1682,_UQwTGZh@339 < Cvm_G_@326,2,1,3,1
1683,bwaApH@853 >= YtNZ@938,2,1,4,1
1684,G_c__yd_N@52 != DXdI@560,2,1,9,1
1685,Qd_yGAKmad@809 !< xPjEnZ@704,2,1,8,1
1686,UUFIWgrk@111 > _w_P@484,2,1,2,1
1687,Z@734 >= _RtDrfJQB@70,2,1,4,1
1688,dRlD@89 > aDFS_FzZ@494,2,1,2,1
1689,vLHuHUjahZ@429 = s@973,2,1,6,1
1690,Hbb@331 = _pnxI@179,2,1,6,1
1691,FdvF@396 != rQXy_@255,2,1,9,1
1692,ZapV@861 != y@814,2,1,9,1
1693,RhFP@452 !< _d_fLJYlW@114,2,1,8,1
1694,dicf@161 !< tDW_@300,2,1,8,1
1695,A@599 < DJ@78,2,1,3,1
1696,_HXrp_h@844 >= hZ_Kc_R@819,2,1,4,1
1697,UHl@21 !> SlHgR_LC@169,2,1,7,1
1698,___YORWqW@628 > C@153,2,1,2,1
1699,dS@215 < HaUSElm@691,2,1,3,1
1700,v@405 != jMpSK@190,2,1,9,1
1701,__fv_@53 = epGxy@706,2,1,6,1
1702,nfYeHl@427 !> vJYxfV@198,2,1,7,1
1703,_GtXX_@724 !< o@883,2,1,8,1
1704,sr_Yuju_i@682 >= b__NK@482,2,1,4,1
1705,czeNS_RzoP@278 > bIDy@594,2,1,2,1
1706,S_@956 = cUPCtyJ@681,2,1,6,1
1707,LAyVzz_j@415 != _xRgisqW@901,2,1,9,1
1708,qI@876 < _GUcI_P_@890,2,1,3,1
1709,P_vmifK@842 > _@801,2,1,2,1
1710,oDCo_@439 < Dnrrs_z@562,2,1,3,1
1711,lyAhDe@524 >= NBG_lTK_g@698,2,1,4,1
1712,PTGs@845 !> WtfNrjZn@723,2,1,7,1
1713,nv___MB_gJ@730 !> Geo_peT@436,2,1,7,1
1714,IWNobPNx@593 = Bb_D@858,2,1,6,1
1715,er_@151 !> i__GM_Ie_@25,2,1,7,1
1716,WQ_r@552 !> AQ@725,2,1,7,1
1717,mgC_eob__@18 < OhBiu_ePx@536,2,1,3,1
1718,_qIXlqQlR_@898 < vY@89,2,1,3,1
1719,lgsMt@617 != K@954,2,1,9,1
1720,HY_L_pvc@596 != uxeMF_vaRi@911,2,1,9,1
1721,Ld__@527 !> erDb@963,2,1,7,1
1722,oJnFvmi@789 <= _KJKxEVEby@443,2,1,5,1
1723,_vl@120 >= HTWmUmPM_F@814,2,1,4,1
1724,oHui_K_@922 !> DYGYvT@823,2,1,7,1
1725,oR__pY_Ip@482 !> BTXeJTWV@801,2,1,7,1
1726,ihrOwh_@678 < _@372,2,1,3,1
1727,IPxhhMwEl@270 !> ldn_SKpj_@307,2,1,7,1
1728,b_sWVv_@28 !> _s_i__@640,2,1,7,1
1729,gwu_bK__c@969 < tzgdYEX_s@92,2,1,3,1
1730,wcqEuMAGi_@787 != i_LZQKWI@288,2,1,9,1
1731,sWPk_Yx_k@975 < XpDNbFsIW@312,2,1,3,1
1732,T@295 <= j@206,2,1,5,1
1733,dOQ@2 > VyNQATo_@782,2,1,2,1
1734,_QB@714 != vd__tR_@620,2,1,9,1
1735,RrPs_ELa_@218 !> _Bbx_Z_Z@669,2,1,7,1
1736,o_bH_L_s@353 = vt_Pu@843,2,1,6,1
1737,CQ@769 !< V__Q@864,2,1,8,1
1738,A_n_kEqOF@415 > k__VFahgu@400,2,1,2,1
1739,d_ebxh@551 !< LIaN@980,2,1,8,1
1740,v_xJ_@109 != G@551,2,1,9,1
1741,__C__E@146 >= bXzg_v@524,2,1,4,1
1742,zPiE@976 != Dj@265,2,1,9,1
1743,DE_Kf@560 < U_nBVRBqAA@434,2,1,3,1
1744,_EM_d@369 !> RPNBmdN_JM@132,2,1,7,1
1745,ImY_nldLH_@770 >= E@264,2,1,4,1
1746,Knq@86 != n@266,2,1,9,1
1747,OU__bT@780 = ___d@948,2,1,6,1
1748,dRTWr_M_n@117 != YByQlE__X@633,2,1,9,1
1749,vzQq@776 >= Q@23,2,1,4,1
1750,UCaL@121 !> r@387,2,1,7,1
1751,uveYgc@451 != rr_Tg@286,2,1,9,1
1752,sTz@969 <= h@59,2,1,5,1
1753,e_IFSm@46 !< Da@597,2,1,8,1
1754,iyVaV_il@131 > u_f@364,2,1,2,1
1755,ROM@13 !< RfD@832,2,1,8,1
1756,qUluk_hs@864 !< _q@976,2,1,8,1
1757,tM_k@791 !< qJ@147,2,1,8,1
1758,LOewvJ@765 < wwnHNAekn_@994,2,1,3,1
1759,bg__SW_vpl@451 != U_@670,2,1,9,1
1760,Y_zbxKS@57 !< _E_t@83,2,1,8,1
1761,j_YdA@852 <= rp@61,2,1,5,1
1762,Dqe@807 >= PmQrP@39,2,1,4,1
1763,fmyKo@844 !< BZawnB@235,2,1,8,1
1764,o@783 = c@241,2,1,6,1
1765,WfNLqg_A@508 <= VpID_h@803,2,1,5,1
1766,_Doir@901 <= JVJR_Xb@643,2,1,5,1
1767,_@543 !< nbnC_Y_@248,2,1,8,1
1768,sfJjkSp@732 <= dMGVz_Mnp@978,2,1,5,1
1769,nvn@693 = iOsD@270,2,1,6,1
1770,HekRgxCmq_@173 <= DwfH_o_@585,2,1,5,1
1771,sGnahy@236 > IQBnV_L@629,2,1,2,1
1772,kDap@727 !> sq_A_@782,2,1,7,1
1773,DPqv@624 !> t_C@256,2,1,7,1
1774,ii__jfkLUx@278 !> CWHaD_y_Sh@766,2,1,7,1
1775,s_Ajiby@580 !> mYf@158,2,1,7,1
1776,_yxJmLzXC_@938 <= EYt@933,2,1,5,1
1777,Z__@679 !> LiSIFP_V@759,2,1,7,1
1778,e___cvVKdF@61 != _@736,2,1,9,1
1779,gkKCiRXlr@329 < Qj@886,2,1,3,1
1780,__b_M@285 !> PMAQJ@764,2,1,7,1
1781,L_wpCFEDa@978 >= rsJ___S_kX@372,2,1,4,1
1782,Cj@830 != oatt_KUYFh@190,2,1,9,1
1783,C_V@312 !< Hu@506,2,1,8,1
1784,B_Du_C@290 !< QqmjL@706,2,1,8,1
1785,HcJ@884 !< WpV@782,2,1,8,1
1786,_zPNI_Z__@834 !< yXQLx@988,2,1,8,1
1787,j_E_d_E__@620 < _rg@275,2,1,3,1
1788,SCzllg@633 > _Kvacl@351,2,1,2,1
1789,YzUmnj@66 !> lHOp@150,2,1,7,1
1790,tbddw__@455 >= vzJy_Oplq@431,2,1,4,1
1791,f@28 > amfXM@686,2,1,2,1
1792,nurgGSYvri@686 >= WnIQ@57,2,1,4,1
1793,X@879 != _ZUURNK_@789,2,1,9,1
1794,VPh_S@355 != r_p_T_mH@558,2,1,9,1
1795,eGlq@66 <= pmG@226,2,1,5,1
1796,DlrtQ@501 < OoNAWGK@21,2,1,3,1
1797,KKcUSaukD@439 !< o@395,2,1,8,1
1798,szqUPBeiO_@685 >= nYZd@99,2,1,4,1
1799,Ixgtw@464 !> btgVvp__D@734,2,1,7,1
1800,Bv_ti@467 != j_JqnQt__@6,2,1,9,1
1801,VxjLK@187 <= NlMH_ATQu@323,2,1,5,1
1802,bQyWTsKN@366 != JAq@588,2,1,9,1
1803,pb_Q_N_P@595 != CdEkk_ab@783,2,1,9,1
1804,MY_q___@610 < r_yFOYkyL_@692,2,1,3,1
1805,MLID@401 >= tr_TqOG_Gx@402,2,1,4,1
1806,Hvc_vEUaa@615 >= b@955,2,1,4,1
1807,jKo_aLxp@996 >= mYvTzKt@475,2,1,4,1
1808,___jb@333 > xEFUtU@457,2,1,2,1
1809,_@508 != M_BMV_@447,2,1,9,1
1810,US__IgZ_B@938 !< S__qIdU_a@269,2,1,8,1
1811,klPTU@1 != _hVvr@117,2,1,9,1
1812,UE@610 > QIWz_D__rZ@480,2,1,2,1
1813,usWUbr@1 < _mhXSwA_W@707,2,1,3,1
1814,tWaFfts@94 = xRoa_bu@382,2,1,6,1
1815,EWmh_@573 !< j__Sz@536,2,1,8,1
1816,oeSB@179 = qSGrTsqVU@31,2,1,6,1
1817,cELFEcEvQ@412 > NlfWb_Ouv@729,2,1,2,1
1818,XzmYRS@666 != MPq_sM@361,2,1,9,1
1819,aarn@553 !> F_Xeww@322,2,1,7,1
1820,ocAXiqMg@684 != cUa@180,2,1,9,1
1821,UsDj_M@122 != ts_g_@938,2,1,9,1
1822,TptE@787 != _R@505,2,1,9,1
1823,__Zj@395 !< __h_efsHp@443,2,1,8,1
1824,Qhnljsg@1 > WCZy@517,2,1,2,1
1825,zU_RnDkdb@876 !> Ot_OgyyYi@539,2,1,7,1
1826,bGAzBG@679 > ft_SAP_@454,2,1,2,1
1827,Z@73 !< _T_DX@371,2,1,8,1
1828,agD_@783 != yti@615,2,1,9,1
1829,PjgDtlW_@804 >= _n_w@327,2,1,4,1
1830,nhBl@320 != a__fBKGfHZ@736,2,1,9,1
1831,S@873 !> Y_mVqQmoiH@441,2,1,7,1
1832,CoeLZz_e@533 = cPESTGGe_@215,2,1,6,1
1833,_B_oh_vG@349 !> uuHJmK@123,2,1,7,1
1834,eTEnQa_@443 !< _nGM_Q@410,2,1,8,1
1835,_MBVOCrif@114 !< kFMxaqu@595,2,1,8,1
1836,e_r_PyL@24 !> _v@153,2,1,7,1
1837,N_ut@899 > VLl_@444,2,1,2,1
1838,Yqq_@52 > rIZIHtJZ@358,2,1,2,1
1839,p_BqDXlvu@395 >= MsWp@494,2,1,4,1
1840,BQEXP@401 < oVcAPXmMd@20,2,1,3,1
1841,V@461 != o_@770,2,1,9,1
1842,aHukOG@339 != uwJPENIXxC@699,2,1,9,1
1843,VKuPEwVIx@506 !> oBx_VvJ@45,2,1,7,1
1844,_Y@316 >= ekjzcVraZ_@97,2,1,4,1
1845,kRVVjjgSy@830 = v___TJ@72,2,1,6,1
1846,mxFTr_TT_@916 !< F@782,2,1,8,1
1847,_ik@159 != jSMOEEpo_@22,2,1,9,1
1848,RXX_@46 !> mB@33,2,1,7,1
1849,xcUUn_ewX@234 = _Jo_k__U@380,2,1,6,1
1850,_Op@992 = N_zJ@81,2,1,6,1
1851,vNL@690 >= ZAjW@256,2,1,4,1
1852,Y@505 > _qLfkDoyg@382,2,1,2,1
1853,NSGP_Nu_u@545 !< hQi@635,2,1,8,1
1854,sZ_@336 >= h@271,2,1,4,1
1855,HI@756 !< ADvleoTQ@505,2,1,8,1
1856,qEP@526 <= rydLL@98,2,1,5,1
1857,C_o_@217 <= B@949,2,1,5,1
1858,_@858 = _Yx@97,2,1,6,1
1859,TcjWiy_d@51 >= ghhLKoof@356,2,1,4,1
1860,rj@847 !< Zl_D@280,2,1,8,1
1861,iu__z@575 != GsmFmYbN@880,2,1,9,1
1862,_K_NbY@669 = ZjvMPM_W@723,2,1,6,1
1863,_iYaUC@409 > Nyb_tRoRoZ@290,2,1,2,1
1864,NQN@547 != lnP@750,2,1,9,1
1865,QOML_O_M@556 > Nd_x@86,2,1,2,1
1866,PWTSF@27 >= tyX_TSo@294,2,1,4,1
1867,u_EU@318 !> _QdxYiJzd_@463,2,1,7,1
1868,F_o@547 !> _b_Tr@524,2,1,7,1
1869,XC@23 <= cAJshj@579,2,1,5,1
1870,FpDdx@575 > h_@273,2,1,2,1
1871,GQrFtk@21 != EAiB@75,2,1,9,1
1872,Kp@929 !< A_cheaQcOt@337,2,1,8,1
1873,st_Y@579 !> _XeU@338,2,1,7,1
1874,VChvj@377 < zO_du@180,2,1,3,1
1875,iePVBxz_X@564 < DnDdHOzxD@833,2,1,3,1
1876,HhZL@542 <= jLl@409,2,1,5,1
1877,dKLB@81 >= qBIWqV@482,2,1,4,1
1878,jDJYl_@278 <= Hrh_@378,2,1,5,1
1879,sVauByLC@111 != _W_mJyT__@461,2,1,9,1
1880,RPlntaR_@295 !< r@160,2,1,8,1
1881,_aAzE_LzV@282 != Qv__dznuu@928,2,1,9,1
1882,_yww_m@69 !< L_@725,2,1,8,1
1883,xse@153 <= nIHs@652,2,1,5,1
1884,CWSNGifCeV@490 != uUEC@668,2,1,9,1
1885,G_@2 >= f@420,2,1,4,1
1886,oCFvnPC@194 <= _zuXJO@830,2,1,5,1
1887,sU@948 = zNX@455,2,1,6,1
1888,Wjl@488 = TeuKGBew@40,2,1,6,1
1889,_ZBlOYk@929 != __Orp@395,2,1,9,1
1890,y@344 < P_nYwJd_@284,2,1,3,1
1891,oqKo_wmVh@35 != lhYmH@872,2,1,9,1
1892,qx@500 < vXj@616,2,1,3,1
1893,aOkHHEK__@576 > _@785,2,1,2,1
1894,dEa_N_W@464 != VFMfYLw@890,2,1,9,1
1895,p_HJxq@156 < sBzGH@811,2,1,3,1
1896,_ZuS_b@418 > Kn__JBFA@6,2,1,2,1
1897,qTrubr@538 != Nc@296,2,1,9,1
1898,hwOATIQ@618 !< UCyC@568,2,1,8,1
1899,ZdZs_SvvW@55 !> _K@439,2,1,7,1
1900,g@241 = zOpf_zMF_@639,2,1,6,1
1901,j_LxVKEeIE@298 !< y_hEQ@827,2,1,8,1
1902,QjTHuUy_@599 < qq@171,2,1,3,1
1903,pJPpsEI@598 >= gEzq@807,2,1,4,1
1904,f_F_PVa_@152 >= UOLF_U_kOg@543,2,1,4,1
1905,Jy_PygIoG@686 > y_ATSgykV@598,2,1,2,1
1906,O@132 !< gDFoY@358,2,1,8,1
1907,dqXy@328 < oEtDb_@940,2,1,3,1
1908,BjzRK_J_VB@154 < fbd@327,2,1,3,1
1909,Ng@496 !> pJwk_MB_GV@926,2,1,7,1
1910,G_tWRt@110 <= Wluuw@810,2,1,5,1
1911,v_z_SNojR@270 !< P@846,2,1,8,1
1912,v@573 !> vZ_@89,2,1,7,1
1913,YkA_A__J@939 <= _zij_rSY@527,2,1,5,1
1914,_h@473 = Y@110,2,1,6,1
1915,fOy@403 !> csR@94,2,1,7,1
1916,pkJD@910 >= OUFwErDp@165,2,1,4,1
1917,w@925 !< _FFfQlLf@133,2,1,8,1
1918,rquBUFdCP@832 = _Zc_sq@362,2,1,6,1
1919,pGQL@573 >= hyfcuHJT__@595,2,1,4,1
1920,uSYk_@237 > bygtv_@62,2,1,2,1
1921,rm@645 = zLgm@293,2,1,6,1
1922,JdN@278 !< lYVYCZ@88,2,1,8,1
1923,XhSL@745 = _@785,2,1,6,1
1924,SBerts_zn@373 < W@164,2,1,3,1
1925,HEuEni@590 <= t_UcGXY_ug@679,2,1,5,1
1926,RDZ_Oks@267 >= vsvZs@784,2,1,4,1
1927,y@434 < T_rAnJ@618,2,1,3,1
1928,_YtSPyrhS@250 !> g_wPep_TH@558,2,1,7,1
1929,d@765 !> AlhtDm_u@318,2,1,7,1
1930,jbuje_x@726 = B@530,2,1,6,1
1931,bWD@948 >= Ab_mMp@72,2,1,4,1
1932,RBqIwXjLZ@456 != _wzEQIN@415,2,1,9,1
1933,_hcLEWz@459 <= phF@689,2,1,5,1
1934,sWIBPOKn@140 <= tPJ@756,2,1,5,1
1935,h__eDy@469 > S_cg@636,2,1,2,1
1936,T@501 !> JKKP_@545,2,1,7,1
1937,S_odkmrNr@531 = _cx@372,2,1,6,1
1938,nuxm_XRc_U@973 !> oVqS__ThJ@394,2,1,7,1
1939,mTdvpj@960 != FiaM@882,2,1,9,1
1940,cBI__@79 >= Q_fpkX@182,2,1,4,1
1941,vUz@91 !< Y_eea_bVr@664,2,1,8,1
1942,UFm@835 > fd_D@670,2,1,2,1
1943,To_@438 !< AYMUha@246,2,1,8,1
1944,JV_vU@809 = OuUy@497,2,1,6,1
1945,saBL_@25 < s@813,2,1,3,1
1946,_h@279 != _ySg@782,2,1,9,1
1947,_EbQIdp@33 = GGlZd@60,2,1,6,1
1948,M_nhzo@526 !> iFjf_wWOc@523,2,1,7,1
1949,TjFxR@150 >= I_C_CDeuo@952,2,1,4,1
1950,LiLRF_B@646 < NEpCReh_@708,2,1,3,1
1951,gt__vmpQ@987 < c@520,2,1,3,1
1952,ypA@487 !> kmGMJtZ@933,2,1,7,1
1953,__j@641 !< ji_HT_@930,2,1,8,1
1954,JBm__WBWV@944 < KYn@319,2,1,3,1
1955,GpW@856 != VTtEP_MPol@792,2,1,9,1
1956,KNw_FrTBU@906 < n_DSwL@748,2,1,3,1
1957,oi@368 <= xFbUONr_@12,2,1,5,1
1958,_uKyFl@336 !< aj_S@732,2,1,8,1
1959,Q_sQBlL@62 = ANHPt@786,2,1,6,1
1960,Tv@992 > vyIZ@744,2,1,2,1
1961,euXa@457 >= _I_@332,2,1,4,1
1962,iYJxdZIw@469 != t@973,2,1,9,1
1963,fZOXP_dDv@278 !< Zf@769,2,1,8,1
1964,VAzAzU_b@702 < CfxhoVa@412,2,1,3,1
1965,DiHw_Iabp@95 >= xcP@929,2,1,4,1
1966,_E_onCU@887 !> JGblSn__@303,2,1,7,1
1967,GVb@589 > C@637,2,1,2,1
1968,BLxnUIt@75 != J@579,2,1,9,1
1969,wiRKsZxW@673 != p_j@819,2,1,9,1
1970,ZOcYQtgd_o@54 <= _OUrsmTK@112,2,1,5,1
1971,_Lr@583 != _@271,2,1,9,1
1972,pOtQeKtJuj@74 !> _SnQm@71,2,1,7,1
1973,xVLRc@104 = IU@100,2,1,6,1
1974,MoEsZ@811 <= GIkR@864,2,1,5,1
1975,lO@44 >= _P@2,2,1,4,1
1976,r_lVOIvvl@600 != CU_QTwAWY@161,2,1,9,1
1977,_j@314 >= dNX@59,2,1,4,1
1978,huck_eg_W@476 !< MxXjB_o_@726,2,1,8,1
1979,k@431 = sFfL_wz@542,2,1,6,1
1980,nxXRtu_@211 !< _oNxCmNM@47,2,1,8,1
1981,DSckFTFcJ@71 != _KcSP@970,2,1,9,1
1982,Rv_Osngt@261 <= ihym_as@64,2,1,5,1
1983,nY@455 !> Tf_knWA_i_@990,2,1,7,1
1984,gp@162 !< w_hI@6,2,1,8,1
1985,zZX_fL_@13 !< _sgYSWPKq@385,2,1,8,1
1986,ri@333 !> _BCi@120,2,1,7,1
1987,zrjDN@878 != _OQnsyioq@117,2,1,9,1
1988,CjcRlYUYv@650 !< MWB@990,2,1,8,1
1989,TRCiKbE_@702 != dPq@219,2,1,9,1
1990,ZhhO_WUhVL@600 >= dgvP@538,2,1,4,1
1991,I@825 > MMX@310,2,1,2,1
1992,utviQI@347 >= u@947,2,1,4,1
1993,W_LAW_@154 < _N_Vh_YvwD@576,2,1,3,1
1994,VzVWI@776 !< _T_N__kZoE@430,2,1,8,1
1995,HePsEkH@900 !< Qh@491,2,1,8,1
1996,WT@276 !< BspXHML_@9,2,1,8,1
1997,a_uG_NE_v@808 != PRSM_Dsm@346,2,1,9,1
1998,mQprXFcVSb@806 !< OTwupLgt@705,2,1,8,1
1999,TMvvC_r@737 != __AKLHh_@728,2,1,9,1
2000,Hwl_@429 >= gg_i@767,2,1,4,1
2001,oCdisq@349 = yy@58,2,1,6,1
2002,pMMfcN_qX@929 > Jx@140,2,1,2,1
2003,lUvmhBaZaf@361 >= tlZMx_o_Ez@68,2,1,4,1
2004,Jt@421 !> o@150,2,1,7,1
2005,bn@487 = _e@81,2,1,6,1
2006,yxuu@974 >= KEAh_CyapL@811,2,1,4,1
2007,JSj@106 != zHWrNXhPKh@581,2,1,9,1
2008,e@255 > o_y@181,2,1,2,1
2009,H@628 !< IcyUmF_yMh@529,2,1,8,1
2010,mYz_vRgKu@909 > Da_XcRlbTd@182,2,1,2,1
2011,jvfgEjpr@403 = _@741,2,1,6,1
2012,i@20 <= mfq_hE@401,2,1,5,1
2013,gfM_g@241 > JGs_IGu@958,2,1,2,1
2014,__ypzi@690 !< f_O_a__k@794,2,1,8,1
2015,FhwsEUKrL@519 >= qxplyKAI@714,2,1,4,1
2016,njeAi__oI@339 < Vf_qzCJ@670,2,1,3,1
2017,_Jb@4 != _n@369,2,1,9,1
2018,_HJ@213 !> hnmU_CrJLp@590,2,1,7,1
2019,_oCw_M__@896 >= jB_uii_@785,2,1,4,1
2020,u@581 >= WIXE_vy@960,2,1,4,1
2021,DzAPz_H_@781 = q@354,2,1,6,1
2022,woJ_s_Kq@664 < Fll_U@932,2,1,3,1
2023,Q__Bvjq@378 !< wZJE@634,2,1,8,1
2024,YLk_Nm_tL_@810 !< eoZWwyia@887,2,1,8,1
2025,LX_pU_@871 !> Ywi@741,2,1,7,1
2026,_hnfKrFmjy@183 >= uh_wvG@345,2,1,4,1
2027,r_U@36 !< se_cw_u@209,2,1,8,1
2028,n_v_mQAf@944 !< l__lm_q@192,2,1,8,1
2029,vIq_Ouaqi@178 !< qtpHWj@147,2,1,8,1
2030,UnucuAtx@814 != _D_Ij_lawM@432,2,1,9,1
2031,P_U@573 = zHatYhd@675,2,1,6,1
2032,FE@918 = rWy@566,2,1,6,1
2033,vHAlQgE@192 > nGzIzRXitN@507,2,1,2,1
2034,OSRM_W_Lg@253 !> XI@61,2,1,7,1
2035,z__HrEF_j@277 !< Lt@439,2,1,8,1
2036,_XdWYENUQF@757 != iyux@918,2,1,9,1
2037,A_eXo_sh@387 <= __LnaM@246,2,1,5,1
2038,l_T_sFsBx@263 = S_@594,2,1,6,1
2039,__GuDPohlI@712 <= eAYz@184,2,1,5,1
2040,_@618 != nAuLw_Jf@711,2,1,9,1
2041,aIGeljkma_@379 >= SiwU@871,2,1,4,1
2042,_dYjpa@656 !> Cuy@335,2,1,7,1
2043,__@558 > _Pvkjs@588,2,1,2,1
2044,_hD@534 !> ZOHwSb@660,2,1,7,1
2045,UEelyCJXD@288 !> oAcBvf_EFU@318,2,1,7,1
2046,MG@598 = HSebsYMo@591,2,1,6,1
2047,z_@562 > Eck_L@483,2,1,2,1
2048,Yv_@538 = ANUpdeJtsW@49,2,1,6,1
2049,ZxJMw_Hw@323 != kwJzI@359,2,1,9,1
2050,eRx__k@796 < PjzVK_oqH@876,2,1,3,1
2051,Fh_g__G_SB@914 >= uT@566,2,1,4,1
2052,tbLfukY@1 >= nPnPg@911,2,1,4,1
2053,cSRRs__Lr@501 !< LAwFZu_@722,2,1,8,1
2054,xUnFuH@148 !> p@878,2,1,7,1
2055,DAxD@349 = upa@399,2,1,6,1
2056,UDWhmjX@495 != K@985,2,1,9,1
2057,OLde_@171 !< PYjEm___X_@357,2,1,8,1
2058,X_sWIc_aC@764 !> f_ITE@166,2,1,7,1
2059,fCy@520 = Px@928,2,1,6,1
2060,_M_x@119 !> AqpASW@522,2,1,7,1
2061,_iPwQc@623 = fuel_xKg_s@688,2,1,6,1
2062,g_x__OD_E@176 > riA@523,2,1,2,1
2063,mLCoQF@664 <= VHFFOZr@537,2,1,5,1
2064,UIbpr_mjPl@307 !< pQeZXAW@543,2,1,8,1
2065,CIvqUN_g@892 !< Rr_wq_bhbZ@914,2,1,8,1
2066,_XHWBm@578 < JoX@411,2,1,3,1
2067,ofj_H@875 !> SxA@598,2,1,7,1
2068,ZB_kItqC_@785 > MF_Oar@453,2,1,2,1
2069,tIGNUBVh_@499 != OX@134,2,1,9,1
2070,_tT_xG@557 = EAKCWkwv_@832,2,1,6,1
2071,oHKmn@440 > veC@711,2,1,2,1
2072,lh_iSb@889 > vY_kPF_S_p@135,2,1,2,1
2073,_xHr_b@383 !> u_nVAraql@95,2,1,7,1
2074,bopiA_vZ@844 < e_pS@771,2,1,3,1
2075,OMCJZbsh_Z@625 !> Ww@306,2,1,7,1
2076,NTE_N@8 !< oq_Ic@295,2,1,8,1
2077,DEd_@733 != KB_TDQmqhe@214,2,1,9,1
2078,geZH@995 < F__H@958,2,1,3,1
2079,jpM_cjtU_A@997 !> wPfhZMjW@473,2,1,7,1
2080,hGbmqI@910 < kTIzl@565,2,1,3,1
2081,VqnfoQ_w_Z@630 >= H_b__JEpi@158,2,1,4,1
2082,_MdBiyLqdr@132 >= DhJuK_@708,2,1,4,1
2083,esI_q_lrH@109 <= kyuAHzpsE@425,2,1,5,1
2084,P@693 < YQDC_DI_@198,2,1,3,1
2085,H@675 <= WWvWK@389,2,1,5,1
2086,VaIJznyD_Y@302 !< d_jW@173,2,1,8,1
2087,Vpjw_HTYGs@460 = MpP_nU_o@953,2,1,6,1
2088,bf_FNQ@516 !> lCpneb_q@449,2,1,7,1
2089,___lxP@208 > sa@483,2,1,2,1
2090,_xe_GkxT@428 !> XYJAOssHyO@440,2,1,7,1
2091,pVLPLpL@239 !> tZNp@587,2,1,7,1
2092,B_@206 <= XI@923,2,1,5,1
2093,fjSM_g@689 !< KG__pQtiGH@291,2,1,8,1
2094,CeFiu@204 !< L@172,2,1,8,1
2095,kzLsOV_@233 = zaaGvinzNI@676,2,1,6,1
2096,_PdJ_ht@998 != yttGx@849,2,1,9,1
2097,LW@676 !< mrxT@966,2,1,8,1
2098,iuL_@176 != CyhST@60,2,1,9,1
2099,TNPuC@271 != MeMwuV@548,2,1,9,1
2100,MU@109 > _Lv@455,2,1,2,1
2101,Aj_ACN@995 = Ay@447,2,1,6,1
2102,onIplqbRwp@965 <= bv_Ni__mq@786,2,1,5,1
2103,O_i_D_sSH@498 <= _U_VTVdi@60,2,1,5,1
2104,QA___@33 < LY@846,2,1,3,1
2105,LAysxaho@428 !< CEo_YY@368,2,1,8,1
2106,gOlh@391 <= jMR@515,2,1,5,1
2107,e_@97 !< gjuqGW@102,2,1,8,1
2108,uGSx_@978 > Eq_xSxJ@32,2,1,2,1
2109,fule_@811 !< N_jXsyODZ@449,2,1,8,1
2110,N_bo@403 !< _PwsIH@545,2,1,8,1
2111,N_p_t_wsLd@307 > ssuOQx_tnD@688,2,1,2,1
2112,SX_EzYohL@509 !< g_uPcXw@447,2,1,8,1
2113,UC_@601 <= XTKF_I@621,2,1,5,1
2114,C@624 < Nvads@109,2,1,3,1
2115,veNpRpQVz@259 >= __IwnJeEnu@574,2,1,4,1
2116,_byvm@719 !> _CKSrKtfP_@204,2,1,7,1
2117,V_@925 !< HV_lg@879,2,1,8,1
2118,IPkD_@128 !> ydLqweVD@242,2,1,7,1
2119,RuL@75 !< u@871,2,1,8,1
2120,mpwk@873 = _iIr@475,2,1,6,1
2121,UgFC__@897 = k__rrCgON@572,2,1,6,1
2122,dDn@792 = _Qz@929,2,1,6,1
2123,cof_@388 !< rjSqnKG@122,2,1,8,1
2124,_DdJSXML_@339 != lgq_by_Ab@84,2,1,9,1
2125,Qig_M_B@903 !> Ql___e@870,2,1,7,1
2126,ey@845 <= lb@940,2,1,5,1
2127,y@918 !< J_@318,2,1,8,1
2128,LSVC@764 = N@178,2,1,6,1
2129,_wGENf@813 != __tupK@596,2,1,9,1
2130,e@445 != BU@122,2,1,9,1
2131,q_BSnifzhk@225 <= _cJ_@914,2,1,5,1
2132,__GFiJH@233 > s@159,2,1,2,1
2133,Kv@268 != w_@370,2,1,9,1
2134,DymioNfu@975 !< g_nbwExVLd@46,2,1,8,1
2135,XY__@10 > NbL_vh@294,2,1,2,1
2136,_VIutxb_@289 >= GT_cx@424,2,1,4,1
2137,rSV_fu_xh@732 >= GgasdmltC@570,2,1,4,1
2138,bygHVqWZM@673 !< _fWlN_FlzR@739,2,1,8,1
2139,S_DKG_@38 !> JLyz_yHtH@751,2,1,7,1
2140,HBgYTv@994 != oa@699,2,1,9,1
2141,edQ@454 !> ulr@968,2,1,7,1
2142,dHamqTCJ@61 !> kg@323,2,1,7,1
2143,eBgyIv@770 < T@728,2,1,3,1
2144,CIoZEq@505 !< _cYH_Z@981,2,1,8,1
2145,hy_@855 !< B_yyiUB@52,2,1,8,1
2146,__m_@6 >= Xm@323,2,1,4,1
2147,E_FnU@445 !> WzowGOQ@908,2,1,7,1
2148,QXIp@919 !< U_z_Qq@647,2,1,8,1
2149,j@685 !> waVpRWy@560,2,1,7,1
2150,j@400 < Iqt_Iyz_C@366,2,1,3,1
2151,ROPvYfXsS@252 >= Gp_@20,2,1,4,1
2152,Rne__Va_ie@523 !> THeSP@638,2,1,7,1
2153,AxYdDhvDG@698 > CJgrxkJKA@390,2,1,2,1
2154,ecnCF_@411 < AtBV@391,2,1,3,1
2155,uV_@379 <= pp@359,2,1,5,1
2156,__RxF__@685 >= svjgqiny@240,2,1,4,1
2157,_M@530 !< xq__xV@974,2,1,8,1
2158,LA@340 !> g@886,2,1,7,1
2159,_jVkx@556 !< sCdzhtcy@819,2,1,8,1
2160,pNu_Bo@705 !< j_uD_K@234,2,1,8,1
2161,bOy_YCoHwh@179 !< XEQ_mSd_@53,2,1,8,1
2162,_mCwH@156 <= n@319,2,1,5,1
2163,zsU@835 >= oJrWcs_m@527,2,1,4,1
2164,TSToSR_T@929 > Y_@709,2,1,2,1
2165,_mIaRfDQNo@925 < zuWFMRO_qf@249,2,1,3,1
2166,nG@873 != _@189,2,1,9,1
2167,uXBm@481 = a_SrgPP@979,2,1,6,1
2168,aP_UTRw@753 !< piZul@715,2,1,8,1
2169,viS@963 !> SFGKym_aP@471,2,1,7,1
2170,u@199 < woZs@315,2,1,3,1
2171,___a_qmdv@405 = GhdZyII@441,2,1,6,1
2172,V_nTuzHDj@452 <= vgtB__S_@839,2,1,5,1
2173,VvNE_HAo_U@516 != r@412,2,1,9,1
2174,E_pYNEbTgR@409 != OT_vSp_@722,2,1,9,1
2175,c_T_EmcL@61 >= pOnsjxsGB@762,2,1,4,1
2176,hZQ@531 <= mBTijwo@239,2,1,5,1
2177,xj_MVAe@903 >= ESILd@74,2,1,4,1
2178,AnLBLacVE@22 = B@659,2,1,6,1
2179,xEj@393 = B@876,2,1,6,1
2180,l@800 < C_HlMrckaQ@681,2,1,3,1
2181,Cd_@9 < bOLpevG@344,2,1,3,1
2182,U_@118 > _GUhb_mQ@898,2,1,2,1
2183,NXObXfod@845 <= _XhxTBDc@910,2,1,5,1
2184,__Cm__qts@41 < NdAuzL_yUR@758,2,1,3,1
2185,opJ@920 >= J_@101,2,1,4,1
2186,A_ckn@878 !< ghvUeAxufp@177,2,1,8,1
2187,CREZxm@543 != un_v@293,2,1,9,1
2188,sCdJbP_n_@811 <= XZ_A_@952,2,1,5,1
2189,kHjxnH_@677 !> _A@734,2,1,7,1
2190,_kC__Ql@81 !> _E_qbM@328,2,1,7,1
2191,hai@291 !< qaa_g_ZTy@450,2,1,8,1
2192,oPVgZmTw_@674 >= Bsp@401,2,1,4,1
2193,FqIUmO@29 > _yrvOUo@478,2,1,2,1
2194,yTT@613 != __rZEk@774,2,1,9,1
2195,_F_d__ZD_@569 != vn@228,2,1,9,1
2196,Lf@461 != EXUw@952,2,1,9,1
2197,t_eVsh@649 !> TDL_LvvLU@398,2,1,7,1
2198,wZmUiL@103 <= lyu@749,2,1,5,1
2199,y@755 <= my_@577,2,1,5,1
2200,YvSE_@490 !< _eJyu@625,2,1,8,1
2201,yRuU__g_@866 > _Q_@360,2,1,2,1
2202,PaXSZwMUT@385 != d_@576,2,1,9,1
2203,Coy_@146 !< _hfL@345,2,1,8,1
2204,_PQzTD_@215 <= U@578,2,1,5,1
2205,OgR_n_Zq__@86 !> k_xSy@759,2,1,7,1
2206,adGx__olM@114 !> Mz__@176,2,1,7,1
2207,vmhd_s@181 != CbAK@566,2,1,9,1
2208,XIJj_tQGG@203 > XuRBHFdV@101,2,1,2,1
2209,_emRxmT@627 !< KXc@521,2,1,8,1
2210,vMtMKBwLJy@762 >= JCiOxD@146,2,1,4,1
2211,Z@513 !< ___MQ@747,2,1,8,1
2212,vtSw_@644 <= JwmHCx@55,2,1,5,1
2213,_RkqojJ@467 < SZ@609,2,1,3,1
2214,JIusPt_@216 >= Kk@811,2,1,4,1
2215,tof_hdBB_s@451 !< XB_CQfld_L@602,2,1,8,1
2216,oq__@757 !< xyAVJ@404,2,1,8,1
2217,q@710 !> _@729,2,1,7,1
2218,m@980 = y_DuoHI@193,2,1,6,1
2219,yyq__YN_@543 !< _bmO@901,2,1,8,1
2220,BJepjxHVh@207 !< _eX@287,2,1,8,1
2221,D_@531 = hH_Js_BfX@931,2,1,6,1
2222,H_ncIy_@155 !< t@524,2,1,8,1
2223,_I@197 !< TEqqHP_BYf@981,2,1,8,1
2224,xqe_tOpI_@831 <= IUEa@661,2,1,5,1
2225,ibe@703 !< e_L@913,2,1,8,1
2226,_TkSfKpnDN@785 !> lzzlWGXj@435,2,1,7,1
2227,kfUyLzs_@955 !> MSccIW_@984,2,1,7,1
2228,HQ_ZmfUn@427 = bG_LTRE@258,2,1,6,1
2229,a_KCr@519 = p@276,2,1,6,1
2230,mARht__f_L@317 !> o@678,2,1,7,1
2231,NXqkgn@799 !< _bKxfhKFH@939,2,1,8,1
2232,Ua_sfLksQ@240 != hKWWjtSf@214,2,1,9,1
2233,DnjKxJmDsB@585 < uV@295,2,1,3,1
2234,XhunyEMOgo@902 < A_EF_nM_Pn@580,2,1,3,1
2235,_faMrC@829 !< pHGS_@651,2,1,8,1
2236,_mSb@429 < d_dCEsOusS@837,2,1,3,1
2237,aMWwXHU@344 <= fZFuD@249,2,1,5,1
2238,y_tu@818 !< XsuM@513,2,1,8,1
2239,jZU_irpmE@44 !< OWYXnI@512,2,1,8,1
2240,HJZpgK__@849 = R@155,2,1,6,1
2241,Cp@518 != Sw_@430,2,1,9,1
2242,im@24 !< _SePi_Dyn@598,2,1,8,1
2243,aSebQiS@837 = Ua@590,2,1,6,1
2244,FjrrmrIl@674 !< gqChTjqd_@341,2,1,8,1
2245,ULnYynZmm@475 != A____Tj@927,2,1,9,1
2246,n_uL@483 <= bg_GV@361,2,1,5,1
2247,Nzxki_JLN@28 >= qqSKDrPlM@723,2,1,4,1
2248,L@775 > _v_yfgir_p@246,2,1,2,1
2249,D@508 < rta@554,2,1,3,1
2250,_Q_fQ@141 != Xc_dbld@782,2,1,9,1
2251,l_CRfa_KM@539 >= iGJ@866,2,1,4,1
2252,N__Y@905 !> uF@502,2,1,7,1
2253,EqUm_jEabD@621 !< EQIm_@399,2,1,8,1
2254,yOVz_FQtl@524 = sh@297,2,1,6,1
2255,RbX_Af_as@746 < UQi__Nb@214,2,1,3,1
2256,Sut@232 <= IxAmIHZBB@604,2,1,5,1
2257,PbJx@524 <= C_fTE@964,2,1,5,1
2258,xswlKxoz@986 >= safrb_@528,2,1,4,1
2259,Qmg_M@224 !< oi_lG_LL@586,2,1,8,1
2260,tZAV_@753 != _t@996,2,1,9,1
2261,poMXF_m@448 > cOpu_Z@464,2,1,2,1
2262,j_I@653 != eHlm_J@607,2,1,9,1
2263,e_OgbI__ED@180 != EJ@355,2,1,9,1
2264,CIU@979 !< Pki_ZeP@730,2,1,8,1
2265,_fE_f_jI@459 > QJbuPm__Pq@610,2,1,2,1
2266,zn_O__mAy_@220 != lR_bMRiI@811,2,1,9,1
2267,_o@998 !> nbqvS_umz@743,2,1,7,1
2268,GmoPE@938 >= _n_@813,2,1,4,1
2269,fruv_TLVSr@23 < s@762,2,1,3,1
2270,S_YXz@429 !> __gum@297,2,1,7,1
2271,f_dSHWT@768 != BK_hxCutw@761,2,1,9,1
2272,i_PZpK@446 >= kJ_ej_Wfr_@708,2,1,4,1
2273,HUzz@14 > I__UP_VTp@880,2,1,2,1
2274,zVuqaVH__@720 >= p@415,2,1,4,1
2275,ijK@802 <= bA_uIcHfEJ@459,2,1,5,1
2276,m_xckeHkJ@945 = Bpy@138,2,1,6,1
2277,I_oo_DDYM@643 > BJ@902,2,1,2,1
2278,_wxckHWZZ@358 > _@561,2,1,2,1
2279,O_rlq@686 !< Q_bMAD@163,2,1,8,1
2280,ShkmUkvpiE@351 = aBt@445,2,1,6,1
2281,z@61 !< M@480,2,1,8,1
2282,_kiQ_BoA_T@662 !< KLAs_p@625,2,1,8,1
2283,tOwadyT_MQ@972 !< _wXmua@652,2,1,8,1
2284,K@807 <= f_vfTa@997,2,1,5,1
2285,nz_VNnf_EV@75 > ZeQvJG@164,2,1,2,1
2286,ZKSR_VkUS@888 > teizYas@733,2,1,2,1
2287,_P@168 !< _j@398,2,1,8,1
2288,_hSoQXIfym@717 !< MT_NMkaWE_@235,2,1,8,1
2289,_szGrUy_ZC@340 <= jIf_@363,2,1,5,1
2290,W@180 != BieFXQ@564,2,1,9,1
2291,_LgYdeaU@653 >= tjdKaVjUGA@127,2,1,4,1
2292,zwzZst@781 <= GUtQo@79,2,1,5,1
2293,B___l_HH@990 !> OW@958,2,1,7,1
2294,N_Dus@47 != PfBVXHuT@107,2,1,9,1
2295,O_@882 > ckku@671,2,1,2,1
2296,sq@901 !< Lps@159,2,1,8,1
2297,_T@3 != Xqz_b_aF@182,2,1,9,1
2298,wwBD_vIPIY@154 < X@762,2,1,3,1
2299,D@747 !< IFfquIJs@638,2,1,8,1
2300,ZZk_pR@185 = rBcbxh@600,2,1,6,1
2301,ND_IHgtyy_@251 > dc@215,2,1,2,1
2302,GsFR_NL_uA@19 != A@843,2,1,9,1
2303,RlsSl_QR@806 >= FB@228,2,1,4,1
2304,rXnVYBG@71 != ie__bpt_YJ@761,2,1,9,1
2305,jwerfUTu@932 !> s_ivLqr_Xx@369,2,1,7,1
2306,xd@769 !< R_jbJvK_k@653,2,1,8,1
2307,IQq_zxb@505 < GP_OzgJUZ_@465,2,1,3,1
2308,sytGx@63 = y_oAbnw@524,2,1,6,1
2309,sqOtoYLtUj@695 !< ZEaB@735,2,1,8,1
2310,ueV@97 > _CCBrYu@211,2,1,2,1
2311,bO@904 != GVYgy_f_T@34,2,1,9,1
2312,XSiUoX__Y@646 >= KIIfAX_@737,2,1,4,1
2313,IGiO@566 < LVD_a@180,2,1,3,1
2314,_QdkG@348 !> KDck@796,2,1,7,1
2315,vc_WVTg@737 >= UjNPbc@476,2,1,4,1
2316,OTyHekSqH@827 > EYVJs@620,2,1,2,1
2317,_ax_@630 !> SHpB@362,2,1,7,1
2318,Hrxh_Lnt@118 != rxvcvd_F@88,2,1,9,1
2319,z_Bu_o@643 = rh_km@588,2,1,6,1
2320,ZdPL@613 > QzpYIgYnF@591,2,1,2,1
2321,D_eMpIb@429 != q_s@727,2,1,9,1
2322,_QdlbBB@503 <= YZbOS_Pgj_@811,2,1,5,1
2323,lkFZR@23 !< _VV@765,2,1,8,1
2324,ckctnIBI@507 != hdC@723,2,1,9,1
2325,dUG__SBMgw@942 !> c_@541,2,1,7,1
2326,aIATvmGOZM@73 !> mJsqjIB@867,2,1,7,1
2327,o@444 < J_rGpJ_LJ@396,2,1,3,1
2328,cklrMhO_@512 != Oaw@604,2,1,9,1
2329,UDgcTvA@10 <= ZBB_TYSrZ@864,2,1,5,1
2330,nRq__ZP@444 < Yj_Ji__@809,2,1,3,1
2331,jBbXvOFB_r@604 >= _EsijRnZke@141,2,1,4,1
2332,dZ_B@444 !< ryfaE_eM_s@921,2,1,8,1
2333,yItPW@961 >= F@85,2,1,4,1
2334,v@4 = g_aL__LA__@220,2,1,6,1
2335,kyJK@370 >= nBLCMY@514,2,1,4,1
2336,c@291 != xbj@346,2,1,9,1
2337,ijTsTKmG@167 != _rJ_muu@870,2,1,9,1
2338,qGgaBP@951 <= NIYMQop_r@312,2,1,5,1
2339,Shc__zfQ_A@449 >= q@494,2,1,4,1
2340,AjOM@405 = h__@107,2,1,6,1
2341,nU_t@839 != ryl__PZERI@155,2,1,9,1
2342,r@986 <= wn@526,2,1,5,1
2343,ZfaOK@48 < KYkPWCcB_H@250,2,1,3,1
2344,_dpWO_x@455 != JmiUj@517,2,1,9,1
2345,M_LYh__kuF@271 >= NIDr_W_qV@945,2,1,4,1
2346,iF@447 !< Df@657,2,1,8,1
2347,MvySW_@580 !< FAGU@189,2,1,8,1
2348,__InAtVpf@938 !> X_oegC_rkc@706,2,1,7,1
2349,Zy@46 !< vjeAx@797,2,1,8,1
2350,FE_mVA_Zf@660 > PYTw@538,2,1,2,1
2351,tOBg@400 = TRdyFF@521,2,1,6,1
2352,ceNnR_@768 != _P@877,2,1,9,1
2353,IJG@70 >= dhfN@399,2,1,4,1
2354,fBDDT@30 !< xulnU@76,2,1,8,1
2355,a@274 !< sDUWLzQ@264,2,1,8,1
2356,l__z_XFy@266 < NVcUEsI@405,2,1,3,1
2357,ZLje@698 > igf@570,2,1,2,1
2358,_T@855 > PwkUwXcW_@240,2,1,2,1
2359,bVP@222 !< w_EyC@34,2,1,8,1
2360,ncS_@196 < iUi@671,2,1,3,1
2361,x@63 > y_K@776,2,1,2,1
2362,VF_PooWL@843 = _H@303,2,1,6,1
2363,eb_kMWJB@846 = _WDv_C@927,2,1,6,1
2364,y@143 > BT@975,2,1,2,1
2365,Mwrx_YM_CH@554 !< e_XHxfh@726,2,1,8,1
2366,Y@914 >= O_L_FB_tlj@183,2,1,4,1
2367,_@349 >= g__VhmZe@958,2,1,4,1
2368,QxP_wl@819 !> Zl@755,2,1,7,1
2369,RePk_F@374 !< _@214,2,1,8,1
2370,veAE@92 !> NFcEvGaH@979,2,1,7,1
2371,u_n_g_IbU_@936 > bas_Zv_BUW@406,2,1,2,1
2372,IXQBBx@582 !< K_VSpqYVWN@961,2,1,8,1
2373,Q@322 > sfTS_HNrVM@310,2,1,2,1
2374,mu_rIBx@142 = EsuhY_CfD@226,2,1,6,1
2375,Ujmj_fSD@194 = kSD@564,2,1,6,1
2376,nHp_of@597 = _@995,2,1,6,1
2377,U_IgK@244 !> wiJ_wr_SYU@28,2,1,7,1
2378,__lGMC_NZb@396 != n_AScW@775,2,1,9,1
2379,aKWolvLWp@243 != iihqOEX_ap@463,2,1,9,1
2380,LAJI@108 = nN_FsYrDL_@838,2,1,6,1
2381,vFlLehTKOu@76 = uq_E@343,2,1,6,1
2382,xJxiAckt@75 !< l_M_@244,2,1,8,1
2383,_@99 !< _BWDp@489,2,1,8,1
2384,sl_P_pr_@883 !< VDEuz_@809,2,1,8,1
2385,PG@615 != lhC_UPqfM_@73,2,1,9,1
2386,ZysxjpOptr@784 > HOD@225,2,1,2,1
2387,_ig@846 >= RzRDofMN@544,2,1,4,1
2388,ahjDenoFRj@570 < f__XfaHX@65,2,1,3,1
2389,f@538 > _l_ok@687,2,1,2,1
2390,_zhg@934 != _@493,2,1,9,1
2391,_mh@432 < qv@489,2,1,3,1
2392,V_pYDRPv_M@887 !< TA@499,2,1,8,1
2393,gXcnsu@107 < wDf__O@360,2,1,3,1
2394,NS_NPY@493 < _nrAIq_EXL@743,2,1,3,1
2395,vJ_S@404 !< jEQx_@562,2,1,8,1
2396,kujVhOs@783 !> _jTMfi@284,2,1,7,1
2397,R_aSUAiiq@467 !< NjKvfoVUjz@894,2,1,8,1
2398,_@981 <= SVaKvKMJ_i@795,2,1,5,1
2399,nE_P@575 !< qi@120,2,1,8,1
